Date,Model,Actual,Predicted,Probability
2020-12-05,Logistic Regression,0,0,0.4763720387965265
2020-12-05,Logistic Regression,0,1,0.7887976021926995
2020-12-06,Logistic Regression,1,1,0.6564574761179494
2020-12-06,Logistic Regression,1,1,0.6685946395059147
2020-12-06,Logistic Regression,0,1,0.7288574787290206
2020-12-06,Logistic Regression,1,1,0.7554260713834274
2020-12-07,Logistic Regression,1,1,0.6050309043863233
2020-12-11,Logistic Regression,1,1,0.7038844801855423
2020-12-12,Logistic Regression,0,1,0.5221744711746025
2020-12-12,Logistic Regression,1,0,0.18064239783533825
2020-12-12,Logistic Regression,0,1,0.6528640092254342
2020-12-12,Logistic Regression,0,0,0.4899944319486018
2020-12-13,Logistic Regression,1,1,0.7332433719185897
2020-12-13,Logistic Regression,0,0,0.413423949255015
2020-12-13,Logistic Regression,0,1,0.6468236075101206
2020-12-13,Logistic Regression,1,1,0.6425346657175696
2020-12-13,Logistic Regression,0,0,0.48618734337648206
2020-12-15,Logistic Regression,1,1,0.690022233153279
2020-12-15,Logistic Regression,0,1,0.87859790121127
2020-12-16,Logistic Regression,0,0,0.4161163555800187
2020-12-16,Logistic Regression,1,0,0.3627781150615431
2020-12-16,Logistic Regression,0,0,0.4358112052039288
2020-12-16,Logistic Regression,0,0,0.20263539317624454
2020-12-16,Logistic Regression,1,1,0.9174116469254654
2020-12-16,Logistic Regression,0,1,0.8694241554104241
2020-12-17,Logistic Regression,1,1,0.6094600212173678
2020-12-17,Logistic Regression,0,1,0.6269234658479023
2020-12-19,Logistic Regression,1,0,0.4699043977786184
2020-12-19,Logistic Regression,0,1,0.7515278577704688
2020-12-19,Logistic Regression,1,0,0.49102573086402035
2020-12-19,Logistic Regression,0,0,0.48524965389113817
2020-12-20,Logistic Regression,0,0,0.39626738043146775
2020-12-20,Logistic Regression,0,1,0.8719324375199105
2020-12-20,Logistic Regression,1,1,0.6886143114545316
2020-12-20,Logistic Regression,1,1,0.5805326253218618
2020-12-21,Logistic Regression,1,0,0.24844246368239056
2020-12-21,Logistic Regression,1,1,0.6460102140898313
2020-12-26,Logistic Regression,0,0,0.2802522445733393
2020-12-26,Logistic Regression,0,1,0.8019992318923385
2020-12-26,Logistic Regression,1,1,0.5762371663488932
2020-12-26,Logistic Regression,1,1,0.589392550621795
2020-12-26,Logistic Regression,1,1,0.6282947342642612
2020-12-26,Logistic Regression,0,0,0.4202217232097102
2020-12-27,Logistic Regression,0,0,0.3891644655067375
2020-12-27,Logistic Regression,0,0,0.49063502520940105
2020-12-27,Logistic Regression,1,0,0.46806264180209767
2020-12-27,Logistic Regression,0,1,0.5238853701204593
2020-12-28,Logistic Regression,0,1,0.5851043954178368
2020-12-28,Logistic Regression,0,0,0.44327769770462033
2020-12-29,Logistic Regression,0,0,0.3705647227350948
2020-12-29,Logistic Regression,1,1,0.7211715503960817
2020-12-29,Logistic Regression,0,0,0.4080339479962834
2020-12-29,Logistic Regression,0,0,0.4565870856489824
2020-12-29,Logistic Regression,0,0,0.2939897719956553
2020-12-30,Logistic Regression,0,0,0.42177115333477216
2021-01-01,Logistic Regression,0,0,0.23176141806995454
2021-01-01,Logistic Regression,1,1,0.5838937007101435
2021-01-02,Logistic Regression,1,1,0.76378692911667
2021-01-02,Logistic Regression,0,0,0.2977490843890334
2021-01-02,Logistic Regression,1,1,0.6276643844744587
2021-01-02,Logistic Regression,1,1,0.6242259773791318
2021-01-03,Logistic Regression,1,0,0.46586758015307494
2021-01-03,Logistic Regression,1,1,0.5749003272276287
2021-01-04,Logistic Regression,0,1,0.73530839058457
2021-01-12,Logistic Regression,0,1,0.7216625646979715
2021-01-12,Logistic Regression,0,0,0.3929807426418218
2021-01-12,Logistic Regression,1,0,0.35130315844669835
2021-01-13,Logistic Regression,0,1,0.6502031745249804
2021-01-13,Logistic Regression,0,0,0.30720838486679986
2021-01-14,Logistic Regression,0,0,0.47560704013552607
2021-01-16,Logistic Regression,0,1,0.5011298300394134
2021-01-16,Logistic Regression,0,0,0.2950677104346919
2021-01-16,Logistic Regression,0,0,0.21297719946970448
2021-01-16,Logistic Regression,1,1,0.5687188956012538
2021-01-16,Logistic Regression,0,0,0.2122845423226047
2021-01-17,Logistic Regression,1,1,0.6238617661186275
2021-01-17,Logistic Regression,0,1,0.6947680640129171
2021-01-17,Logistic Regression,1,1,0.5347587688486672
2021-01-18,Logistic Regression,1,0,0.2840870892959783
2021-01-19,Logistic Regression,1,1,0.5915170831316034
2021-01-19,Logistic Regression,0,0,0.4882848132573457
2021-01-20,Logistic Regression,0,1,0.5713971411963824
2021-01-20,Logistic Regression,1,0,0.38294974950033706
2021-01-21,Logistic Regression,0,0,0.3239103052808687
2021-01-23,Logistic Regression,0,0,0.4689410274722157
2021-01-26,Logistic Regression,1,1,0.7126672362250579
2021-01-26,Logistic Regression,1,0,0.4193834760374328
2021-01-26,Logistic Regression,1,1,0.5384320832027923
2021-01-26,Logistic Regression,1,1,0.5580509583111858
2021-01-27,Logistic Regression,1,1,0.5663653247512128
2021-01-27,Logistic Regression,0,0,0.4920189670238007
2021-01-27,Logistic Regression,0,0,0.22662533199552343
2021-01-27,Logistic Regression,0,0,0.401428289419117
2021-01-27,Logistic Regression,1,1,0.7074647824103802
2021-01-28,Logistic Regression,1,1,0.7602267450774142
2021-01-30,Logistic Regression,0,1,0.5654802927212325
2021-01-30,Logistic Regression,0,0,0.3699967335567677
2021-01-30,Logistic Regression,1,0,0.4477777449511902
2021-01-30,Logistic Regression,0,0,0.3616003369295066
2021-01-30,Logistic Regression,0,0,0.19009019780329292
2021-01-30,Logistic Regression,0,0,0.29657780546614054
2021-01-31,Logistic Regression,0,1,0.6383646562996699
2021-01-31,Logistic Regression,1,0,0.3360187390609051
2021-01-31,Logistic Regression,1,1,0.5747581301483642
2021-01-31,Logistic Regression,0,0,0.410779786575181
2021-02-02,Logistic Regression,1,0,0.2631079539065076
2021-02-02,Logistic Regression,1,0,0.4742164747552589
2021-02-02,Logistic Regression,1,1,0.540268364105101
2021-02-02,Logistic Regression,1,0,0.21456890176644355
2021-02-03,Logistic Regression,0,1,0.5323295302893771
2021-02-03,Logistic Regression,1,1,0.5744546245637698
2021-02-03,Logistic Regression,0,1,0.5536805155881594
2021-02-03,Logistic Regression,0,1,0.6708984220578283
2021-02-03,Logistic Regression,1,0,0.4140777971788134
2021-02-04,Logistic Regression,0,0,0.3272764358619795
2021-02-06,Logistic Regression,1,1,0.6143493066398258
2021-02-06,Logistic Regression,0,0,0.4568986341747233
2021-02-06,Logistic Regression,0,0,0.2953746099627374
2021-02-06,Logistic Regression,1,1,0.5599909693215245
2021-02-06,Logistic Regression,0,0,0.35814739024926767
2021-02-07,Logistic Regression,1,1,0.6092505983743641
2021-02-07,Logistic Regression,1,1,0.6265166614048929
2021-02-07,Logistic Regression,0,0,0.18917224445417313
2021-02-07,Logistic Regression,0,0,0.35027956651841435
2021-02-08,Logistic Regression,0,0,0.4530085492089677
2021-02-13,Logistic Regression,1,0,0.49274040213785275
2021-02-13,Logistic Regression,1,0,0.42539917829144847
2021-02-13,Logistic Regression,1,1,0.5155376961785119
2021-02-13,Logistic Regression,0,0,0.3820764688284518
2021-02-14,Logistic Regression,0,0,0.2451819741377285
2021-02-14,Logistic Regression,1,0,0.28980538016899526
2021-02-14,Logistic Regression,0,0,0.2214949455650026
2021-02-14,Logistic Regression,1,1,0.5853078453729529
2021-02-15,Logistic Regression,0,0,0.3751194816401685
2021-02-15,Logistic Regression,1,0,0.35682154396311394
2021-02-17,Logistic Regression,0,0,0.404811578904723
2021-02-17,Logistic Regression,1,1,0.6238358261266458
2021-02-19,Logistic Regression,0,1,0.5474083170770785
2021-02-20,Logistic Regression,0,1,0.51911795290698
2021-02-20,Logistic Regression,0,1,0.6740974933493031
2021-02-20,Logistic Regression,0,0,0.043866404296045367
2021-02-20,Logistic Regression,0,0,0.4026171665924051
2021-02-21,Logistic Regression,0,1,0.5613459945349899
2021-02-21,Logistic Regression,1,1,0.5216381969398535
2021-02-21,Logistic Regression,1,0,0.460499881031053
2021-02-21,Logistic Regression,1,0,0.4666290858786031
2021-02-22,Logistic Regression,1,0,0.2916725872979212
2021-02-23,Logistic Regression,1,0,0.2559566837478477
2021-02-27,Logistic Regression,1,1,0.6393678746801168
2021-02-27,Logistic Regression,0,0,0.18776397862256072
2021-02-27,Logistic Regression,0,0,0.43972334111083056
2021-02-27,Logistic Regression,0,0,0.4019221333421432
2021-02-28,Logistic Regression,0,0,0.2947687673475147
2021-02-28,Logistic Regression,1,0,0.49301285515538035
2021-02-28,Logistic Regression,1,0,0.49034263261208494
2021-02-28,Logistic Regression,0,0,0.45754219847867655
2021-02-28,Logistic Regression,0,0,0.4498599018098839
2021-03-01,Logistic Regression,0,0,0.2723689488385089
2021-03-02,Logistic Regression,1,1,0.7714093532404875
2021-03-03,Logistic Regression,0,1,0.6555940817486565
2021-03-03,Logistic Regression,0,0,0.3170701981661159
2021-03-03,Logistic Regression,0,0,0.23489327891150874
2021-03-04,Logistic Regression,0,0,0.22876104468341577
2021-03-04,Logistic Regression,0,1,0.7368911321380461
2021-03-04,Logistic Regression,0,0,0.2181665702460609
2021-03-06,Logistic Regression,0,0,0.2986853752585961
2021-03-06,Logistic Regression,0,0,0.29491266704758906
2021-03-06,Logistic Regression,0,0,0.3256516193420741
2021-03-06,Logistic Regression,1,1,0.6621383426579872
2021-03-07,Logistic Regression,1,1,0.5244692499231359
2021-03-07,Logistic Regression,0,1,0.715894997605532
2021-03-07,Logistic Regression,0,0,0.14110512039216716
2021-03-07,Logistic Regression,0,0,0.4915071031669178
2021-03-08,Logistic Regression,0,0,0.35327385447807197
2021-03-08,Logistic Regression,0,1,0.6383441413240155
2021-03-10,Logistic Regression,1,1,0.5025334707332998
2021-03-12,Logistic Regression,0,0,0.48920380022018584
2021-03-13,Logistic Regression,0,0,0.40030842099526953
2021-03-13,Logistic Regression,0,1,0.5702301166018968
2021-03-13,Logistic Regression,1,0,0.3792833056587628
2021-03-13,Logistic Regression,1,1,0.6140288465339299
2021-03-14,Logistic Regression,1,1,0.5237461707741644
2021-03-14,Logistic Regression,0,0,0.37869815337865037
2021-03-14,Logistic Regression,1,1,0.7285469987311657
2021-03-14,Logistic Regression,1,1,0.5416549116808512
2021-03-15,Logistic Regression,0,0,0.40716994689276115
2021-03-19,Logistic Regression,1,1,0.7886433582609801
2021-03-20,Logistic Regression,1,0,0.39170080598809937
2021-03-21,Logistic Regression,1,1,0.7284470933652536
2021-03-21,Logistic Regression,0,0,0.48103728174629923
2021-04-03,Logistic Regression,1,1,0.9779125896937008
2021-04-03,Logistic Regression,1,0,0.23302703617688195
2021-04-03,Logistic Regression,0,1,0.793007614173389
2021-04-03,Logistic Regression,1,1,0.6470211748888987
2021-04-04,Logistic Regression,1,1,0.5768519099127435
2021-04-04,Logistic Regression,1,1,0.7922031696885059
2021-04-04,Logistic Regression,1,0,0.4515798350859122
2021-04-04,Logistic Regression,1,0,0.4743245615310491
2021-04-05,Logistic Regression,0,0,0.4411537100562278
2021-04-05,Logistic Regression,1,0,0.37358943441333525
2021-04-09,Logistic Regression,0,0,0.23656129210711707
2021-04-10,Logistic Regression,1,1,0.7556841724077555
2021-04-10,Logistic Regression,1,1,0.6709611791250522
2021-04-10,Logistic Regression,1,0,0.4565152583845161
2021-04-11,Logistic Regression,1,0,0.4956744720168773
2021-04-11,Logistic Regression,1,1,0.7156364250374608
2021-04-11,Logistic Regression,1,1,0.7807954334168379
2021-04-11,Logistic Regression,1,1,0.7861952475194467
2021-04-12,Logistic Regression,0,1,0.646407205216953
2021-04-12,Logistic Regression,1,0,0.3560331661397938
2021-04-16,Logistic Regression,1,0,0.43355867138922405
2021-04-17,Logistic Regression,1,1,0.808618406685903
2021-04-17,Logistic Regression,0,0,0.20437811538584932
2021-04-18,Logistic Regression,0,1,0.5170780226323658
2021-04-18,Logistic Regression,1,0,0.4249361370848899
2021-04-19,Logistic Regression,0,1,0.8817444169450845
2021-04-20,Logistic Regression,0,1,0.5321506797970476
2021-04-21,Logistic Regression,1,1,0.8674132769192758
2021-04-21,Logistic Regression,1,1,0.5410809834321785
2021-04-22,Logistic Regression,1,1,0.5418632905478703
2021-04-23,Logistic Regression,0,0,0.4460059553443088
2021-04-24,Logistic Regression,0,0,0.3639786078490243
2021-04-24,Logistic Regression,0,1,0.5710545024149947
2021-04-24,Logistic Regression,0,0,0.3373679095396328
2021-04-25,Logistic Regression,1,0,0.22073694078462597
2021-04-25,Logistic Regression,0,1,0.8150719386164618
2021-04-25,Logistic Regression,1,1,0.6185224921056344
2021-04-26,Logistic Regression,1,0,0.4833995927091417
2021-04-30,Logistic Regression,0,0,0.46189684496727534
2021-05-01,Logistic Regression,0,0,0.18683360601070464
2021-05-01,Logistic Regression,1,0,0.3316323450349733
2021-05-01,Logistic Regression,0,0,0.48248834890477216
2021-05-01,Logistic Regression,0,0,0.222902717128375
2021-05-02,Logistic Regression,0,0,0.32424023566562143
2021-05-02,Logistic Regression,1,1,0.6897019773804318
2021-05-03,Logistic Regression,0,1,0.6315892778934458
2021-05-03,Logistic Regression,1,0,0.3112569877597526
2021-05-07,Logistic Regression,1,1,0.5925398101455965
2021-05-08,Logistic Regression,1,1,0.7841437397895249
2021-05-08,Logistic Regression,0,0,0.336194191117878
2021-05-08,Logistic Regression,1,0,0.42553313425081885
2021-05-08,Logistic Regression,0,1,0.6447105972215791
2021-05-09,Logistic Regression,1,1,0.7027890497597904
2021-05-09,Logistic Regression,1,1,0.5370298873071638
2021-05-09,Logistic Regression,1,1,0.6248927249914906
2021-05-09,Logistic Regression,0,0,0.24586286835717355
2021-05-10,Logistic Regression,0,0,0.3393345333847664
2021-05-11,Logistic Regression,1,1,0.5879638234434796
2021-05-11,Logistic Regression,1,0,0.38343219580799254
2021-05-12,Logistic Regression,0,1,0.5996829140310724
2021-05-13,Logistic Regression,0,0,0.3374328233071919
2021-05-13,Logistic Regression,1,1,0.6673211434510734
2021-05-14,Logistic Regression,1,1,0.7207811141100127
2021-05-15,Logistic Regression,1,0,0.3546082418793065
2021-05-15,Logistic Regression,0,0,0.47184970426090955
2021-05-15,Logistic Regression,1,0,0.42849283734930327
2021-05-16,Logistic Regression,1,1,0.5564700402786563
2021-05-16,Logistic Regression,0,0,0.3449968028275401
2021-05-16,Logistic Regression,1,0,0.38287701427084897
2021-05-16,Logistic Regression,0,0,0.2257700631548136
2021-05-18,Logistic Regression,0,0,0.34543659313561437
2021-05-18,Logistic Regression,0,0,0.3419521932725607
2021-05-18,Logistic Regression,1,1,0.623774769758854
2021-05-18,Logistic Regression,1,0,0.464730354589705
2021-05-19,Logistic Regression,1,0,0.4861492649786479
2021-05-19,Logistic Regression,1,1,0.6508436412835478
2021-05-19,Logistic Regression,1,0,0.2900691795865893
2021-05-19,Logistic Regression,1,1,0.576416374855276
2021-05-19,Logistic Regression,0,0,0.30320208717363273
2021-05-19,Logistic Regression,0,1,0.735862365744298
2021-05-23,Logistic Regression,0,0,0.3714621559827809
2021-05-23,Logistic Regression,1,0,0.4449695056892839
2021-05-23,Logistic Regression,0,0,0.36624094049957556
2021-05-23,Logistic Regression,1,1,0.8262216105983266
2021-05-23,Logistic Regression,1,1,0.8659888754989721
2021-05-23,Logistic Regression,0,0,0.44303895270389715
2021-05-23,Logistic Regression,1,1,0.5687223311693358
2021-05-23,Logistic Regression,0,0,0.4663666316442549
2021-05-23,Logistic Regression,1,0,0.23525402722721378
2021-05-23,Logistic Regression,1,0,0.2981896015868604
2021-08-13,Logistic Regression,0,0,0.40116849192594867
2021-08-14,Logistic Regression,0,0,0.29806231172781084
2021-08-14,Logistic Regression,1,0,0.3465066668320597
2021-08-14,Logistic Regression,1,1,0.5322716364899261
2021-08-14,Logistic Regression,1,0,0.23675412547407637
2021-08-14,Logistic Regression,1,1,0.8164571626661398
2021-08-14,Logistic Regression,1,0,0.4806875046320389
2021-08-14,Logistic Regression,1,1,0.6687440293214911
2021-08-15,Logistic Regression,1,1,0.7968619743192126
2021-08-15,Logistic Regression,0,1,0.6301858877559933
2021-08-21,Logistic Regression,1,1,0.8643578575647115
2021-08-21,Logistic Regression,0,0,0.31594604061715237
2021-08-21,Logistic Regression,1,0,0.3826190090634438
2021-08-21,Logistic Regression,0,0,0.34106353801425904
2021-08-21,Logistic Regression,0,1,0.5182555701933351
2021-08-21,Logistic Regression,0,0,0.23205861892179272
2021-08-22,Logistic Regression,0,1,0.5934691305881841
2021-08-22,Logistic Regression,0,0,0.22936783916016207
2021-08-22,Logistic Regression,0,1,0.617056914883703
2021-08-23,Logistic Regression,1,1,0.699571570530099
2021-08-28,Logistic Regression,1,1,0.7969872795664084
2021-08-28,Logistic Regression,1,0,0.39730657139106884
2021-08-28,Logistic Regression,1,1,0.6223719809929984
2021-08-28,Logistic Regression,0,0,0.293642423053482
2021-08-28,Logistic Regression,0,1,0.6599219330200047
2021-08-28,Logistic Regression,1,1,0.574082262443801
2021-08-28,Logistic Regression,0,1,0.6392173934915938
2021-08-29,Logistic Regression,0,0,0.4199199615056752
2021-08-29,Logistic Regression,0,0,0.13658232237407705
2021-08-29,Logistic Regression,0,0,0.2705332729227418
2021-09-11,Logistic Regression,0,1,0.6736760433499699
2021-09-11,Logistic Regression,1,1,0.5139409393372653
2021-09-11,Logistic Regression,0,0,0.48005787100515884
2021-09-11,Logistic Regression,0,0,0.46476288202089794
2021-09-11,Logistic Regression,0,1,0.7640451457689879
2021-09-11,Logistic Regression,1,1,0.5645497114572646
2021-09-11,Logistic Regression,0,0,0.25458217678081013
2021-09-11,Logistic Regression,1,0,0.4196096583196229
2021-09-12,Logistic Regression,1,1,0.8699666818850176
2021-09-13,Logistic Regression,1,0,0.48985048379019264
2021-09-17,Logistic Regression,0,0,0.47636310694344086
2021-09-18,Logistic Regression,0,0,0.42408845573032017
2021-09-18,Logistic Regression,0,0,0.2613127981998252
2021-09-18,Logistic Regression,1,0,0.469500383450282
2021-09-18,Logistic Regression,0,1,0.6809740324512633
2021-09-18,Logistic Regression,1,1,0.5843368983939092
2021-09-18,Logistic Regression,1,0,0.338515070079042
2021-09-19,Logistic Regression,1,1,0.6838338287822802
2021-09-19,Logistic Regression,1,0,0.30876458776000765
2021-09-19,Logistic Regression,1,0,0.4063123469676516
2021-09-25,Logistic Regression,1,1,0.6620867890729434
2021-09-25,Logistic Regression,0,0,0.2832803769626761
2021-09-25,Logistic Regression,1,1,0.6378358652095117
2021-09-25,Logistic Regression,0,0,0.46420696742930634
2021-09-25,Logistic Regression,0,0,0.3720924590422623
2021-09-25,Logistic Regression,0,1,0.5877134639061845
2021-09-25,Logistic Regression,1,1,0.6605424778991811
2021-09-26,Logistic Regression,0,0,0.3734124580421957
2021-09-26,Logistic Regression,1,1,0.5374269698638771
2021-09-27,Logistic Regression,0,0,0.3647228606885149
2021-10-02,Logistic Regression,0,0,0.37205439277856955
2021-10-02,Logistic Regression,0,0,0.2892039163658097
2021-10-02,Logistic Regression,1,0,0.37733159921666365
2021-10-02,Logistic Regression,0,0,0.085530698741504
2021-10-02,Logistic Regression,0,1,0.5062977813356807
2021-10-02,Logistic Regression,1,1,0.6905264677885787
2021-10-03,Logistic Regression,1,0,0.44592828368267273
2021-10-03,Logistic Regression,1,1,0.5016622452114273
2021-10-03,Logistic Regression,1,1,0.6613307279546772
2021-10-03,Logistic Regression,1,1,0.6087956842279704
2021-10-16,Logistic Regression,0,0,0.03527365166512401
2021-10-16,Logistic Regression,0,1,0.6248855983784113
2021-10-16,Logistic Regression,0,0,0.38506461595164915
2021-10-16,Logistic Regression,1,0,0.3608045767817153
2021-10-16,Logistic Regression,1,1,0.6691147889658942
2021-10-16,Logistic Regression,1,1,0.5542903809557005
2021-10-16,Logistic Regression,0,0,0.3194722101552467
2021-10-17,Logistic Regression,0,0,0.26997339529665404
2021-10-17,Logistic Regression,1,1,0.8063057419729449
2021-10-18,Logistic Regression,1,1,0.5227736749594736
2021-10-22,Logistic Regression,1,0,0.4212857779003693
2021-10-23,Logistic Regression,1,1,0.646656933391646
2021-10-23,Logistic Regression,1,1,0.9498874230024542
2021-10-23,Logistic Regression,0,0,0.2258634856396164
2021-10-23,Logistic Regression,1,1,0.7043847285951814
2021-10-23,Logistic Regression,0,1,0.536120995514604
2021-10-23,Logistic Regression,1,1,0.5070317258563598
2021-10-24,Logistic Regression,1,1,0.7415213872039426
2021-10-24,Logistic Regression,0,1,0.5091484411481128
2021-10-24,Logistic Regression,1,1,0.5189338538340222
2021-10-30,Logistic Regression,0,0,0.4214044405755673
2021-10-30,Logistic Regression,1,1,0.5137283185310357
2021-10-30,Logistic Regression,1,1,0.6116193362572249
2021-10-30,Logistic Regression,0,1,0.6531441269822791
2021-10-30,Logistic Regression,1,0,0.43213802812552954
2021-10-30,Logistic Regression,0,0,0.23303419117849475
2021-10-30,Logistic Regression,1,1,0.746437955128125
2021-10-31,Logistic Regression,1,0,0.48191714202200775
2021-10-31,Logistic Regression,1,1,0.604276627371858
2021-11-01,Logistic Regression,1,0,0.2646608798707941
2021-11-05,Logistic Regression,0,0,0.39056747921904644
2021-11-06,Logistic Regression,0,0,0.4481545148753374
2021-11-06,Logistic Regression,0,0,0.4638259787194564
2021-11-06,Logistic Regression,0,1,0.6839669651665714
2021-11-06,Logistic Regression,1,1,0.6008897190730359
2021-11-06,Logistic Regression,0,1,0.6751061817672086
2021-11-07,Logistic Regression,1,1,0.6328453201579451
2021-11-07,Logistic Regression,0,1,0.5592398267395756
2021-11-07,Logistic Regression,0,0,0.45978137146357684
2021-11-07,Logistic Regression,0,0,0.41803965732553683
2021-11-20,Logistic Regression,0,0,0.41434620828582797
2021-11-20,Logistic Regression,1,0,0.37047695824497096
2021-11-20,Logistic Regression,1,1,0.663899865419909
2021-11-20,Logistic Regression,1,0,0.36283347736939
2021-11-20,Logistic Regression,0,0,0.4444066043030756
2021-11-20,Logistic Regression,1,0,0.4771399714997614
2021-11-20,Logistic Regression,1,1,0.759338620128668
2021-11-20,Logistic Regression,1,1,0.5231814007704076
2021-11-21,Logistic Regression,1,1,0.5695965758794449
2021-11-21,Logistic Regression,1,1,0.8178718839038032
2021-11-27,Logistic Regression,0,0,0.31260679690413756
2021-11-27,Logistic Regression,1,1,0.639019517715507
2021-11-27,Logistic Regression,1,1,0.7300481511820005
2021-11-27,Logistic Regression,0,0,0.1090546950766111
2021-11-27,Logistic Regression,0,0,0.19867234076805354
2021-11-28,Logistic Regression,0,0,0.3327235423983975
2021-11-28,Logistic Regression,1,1,0.9722144827866355
2021-11-28,Logistic Regression,1,1,0.6518037754852964
2021-11-28,Logistic Regression,0,0,0.47286597085574095
2021-11-30,Logistic Regression,0,0,0.4749590780473502
2021-11-30,Logistic Regression,0,0,0.3408899062926685
2021-12-01,Logistic Regression,1,1,0.504329392227661
2021-12-01,Logistic Regression,1,1,0.5583335407677509
2021-12-01,Logistic Regression,0,0,0.4689713699466632
2021-12-01,Logistic Regression,0,0,0.22637556430669864
2021-12-01,Logistic Regression,1,1,0.6013795511101178
2021-12-01,Logistic Regression,1,0,0.409989166407375
2021-12-02,Logistic Regression,0,1,0.6102156432997697
2021-12-02,Logistic Regression,1,0,0.4806940911522388
2021-12-04,Logistic Regression,1,1,0.9251894603522377
2021-12-04,Logistic Regression,0,0,0.48906088962624167
2021-12-04,Logistic Regression,1,1,0.5916302055434274
2021-12-04,Logistic Regression,0,1,0.5213317380244423
2021-12-04,Logistic Regression,0,1,0.6324388501497752
2021-12-05,Logistic Regression,1,1,0.6704207722867143
2021-12-05,Logistic Regression,0,0,0.19279477851386584
2021-12-05,Logistic Regression,1,1,0.7420956213384525
2021-12-05,Logistic Regression,1,0,0.4507912016545175
2021-12-06,Logistic Regression,1,0,0.4419088165899888
2021-12-10,Logistic Regression,1,1,0.5378242884704214
2021-12-11,Logistic Regression,0,1,0.5326191999026332
2021-12-11,Logistic Regression,0,1,0.7879211191288473
2021-12-11,Logistic Regression,1,1,0.5202190755266919
2021-12-11,Logistic Regression,0,1,0.7761927582754946
2021-12-11,Logistic Regression,1,0,0.4762415648979122
2021-12-12,Logistic Regression,0,0,0.3371725506080456
2021-12-12,Logistic Regression,1,1,0.5627553523282238
2021-12-12,Logistic Regression,1,1,0.5098633465980767
2021-12-14,Logistic Regression,1,1,0.7542105625706453
2021-12-14,Logistic Regression,0,0,0.265603369653944
2021-12-15,Logistic Regression,1,0,0.3672518448723474
2021-12-15,Logistic Regression,0,1,0.764069000116154
2021-12-15,Logistic Regression,0,1,0.6947313665428387
2021-12-16,Logistic Regression,0,0,0.37231693325177034
2021-12-16,Logistic Regression,1,0,0.4289711487350551
2021-12-18,Logistic Regression,1,1,0.6139862259507343
2021-12-19,Logistic Regression,1,1,0.7957150290441957
2021-12-19,Logistic Regression,0,1,0.5996281846253346
2021-12-19,Logistic Regression,1,1,0.8106799656696564
2021-12-26,Logistic Regression,0,0,0.33362540265547874
2021-12-26,Logistic Regression,1,0,0.45237394676692194
2021-12-26,Logistic Regression,1,0,0.2173689805931382
2021-12-26,Logistic Regression,1,1,0.5211402639520156
2021-12-26,Logistic Regression,1,1,0.8045559167300851
2021-12-26,Logistic Regression,1,1,0.5842895216067544
2021-12-27,Logistic Regression,0,1,0.5160470953721732
2021-12-28,Logistic Regression,1,0,0.37984087279183765
2021-12-28,Logistic Regression,0,1,0.8778634841139352
2021-12-28,Logistic Regression,1,1,0.5189079511276786
2021-12-28,Logistic Regression,0,0,0.49568073340636826
2021-12-29,Logistic Regression,0,1,0.5735565404538568
2021-12-29,Logistic Regression,0,0,0.353719794461766
2021-12-30,Logistic Regression,1,0,0.33311073733019814
2022-01-01,Logistic Regression,1,1,0.810358132012513
2022-01-01,Logistic Regression,0,0,0.11373113741002697
2022-01-01,Logistic Regression,1,1,0.5083600212063346
2022-01-02,Logistic Regression,1,1,0.6251883254856404
2022-01-02,Logistic Regression,1,1,0.6368558494624781
2022-01-02,Logistic Regression,1,0,0.4638969227332528
2022-01-02,Logistic Regression,1,0,0.29294380874623044
2022-01-03,Logistic Regression,0,0,0.3155006943923226
2022-01-11,Logistic Regression,1,1,0.6292881367356452
2022-01-12,Logistic Regression,0,1,0.5015664710233126
2022-01-14,Logistic Regression,0,0,0.36417011503516544
2022-01-15,Logistic Regression,1,1,0.5720998758373288
2022-01-15,Logistic Regression,1,0,0.3327499935670517
2022-01-15,Logistic Regression,0,0,0.27494830029727935
2022-01-15,Logistic Regression,0,0,0.49175146913624745
2022-01-15,Logistic Regression,1,0,0.36988046920460604
2022-01-16,Logistic Regression,1,1,0.6597202902506656
2022-01-16,Logistic Regression,1,1,0.6526199039767924
2022-01-18,Logistic Regression,0,1,0.5599995169219396
2022-01-19,Logistic Regression,1,1,0.877115160767948
2022-01-19,Logistic Regression,1,0,0.49965435974860856
2022-01-21,Logistic Regression,1,1,0.6463827747623889
2022-01-22,Logistic Regression,0,1,0.6222925999286548
2022-01-22,Logistic Regression,0,0,0.29160103746128585
2022-01-22,Logistic Regression,0,0,0.4849370512432701
2022-01-22,Logistic Regression,0,0,0.35368701480690884
2022-01-22,Logistic Regression,1,0,0.45552531114202294
2022-01-23,Logistic Regression,0,0,0.3405308880399009
2022-01-23,Logistic Regression,1,0,0.4913647862097043
2022-01-23,Logistic Regression,0,1,0.7234528911263889
2022-01-23,Logistic Regression,0,0,0.3840350913229368
2022-02-05,Logistic Regression,0,0,0.18686223177162373
2022-02-08,Logistic Regression,1,0,0.42026764833180635
2022-02-08,Logistic Regression,0,1,0.545129038018528
2022-02-08,Logistic Regression,0,0,0.3788084529118754
2022-02-09,Logistic Regression,1,0,0.4215591225703178
2022-02-09,Logistic Regression,1,1,0.8842007709779491
2022-02-09,Logistic Regression,0,0,0.38526228839583776
2022-02-09,Logistic Regression,0,0,0.32191201158643395
2022-02-10,Logistic Regression,0,0,0.47360299722057614
2022-02-10,Logistic Regression,0,0,0.4607556828730432
2022-02-12,Logistic Regression,0,1,0.5676765030209697
2022-02-12,Logistic Regression,0,0,0.2404298310750645
2022-02-12,Logistic Regression,1,0,0.32090499694943525
2022-02-12,Logistic Regression,0,0,0.2720629099385711
2022-02-12,Logistic Regression,1,1,0.8683403158254157
2022-02-13,Logistic Regression,1,1,0.7266307179311289
2022-02-13,Logistic Regression,0,0,0.2674157602298718
2022-02-13,Logistic Regression,0,0,0.3237308606220752
2022-02-13,Logistic Regression,0,1,0.5439451555645418
2022-02-15,Logistic Regression,0,1,0.5491449460479805
2022-02-19,Logistic Regression,1,1,0.6284255137120622
2022-02-19,Logistic Regression,1,1,0.6803825350087834
2022-02-19,Logistic Regression,0,1,0.5201452711881803
2022-02-19,Logistic Regression,0,0,0.39706580611112685
2022-02-19,Logistic Regression,0,1,0.5305394654302579
2022-02-19,Logistic Regression,1,0,0.34107789220952295
2022-02-19,Logistic Regression,0,1,0.822233646834387
2022-02-19,Logistic Regression,1,0,0.27653975916976964
2022-02-20,Logistic Regression,1,1,0.837126133554716
2022-02-20,Logistic Regression,1,0,0.2786597736257357
2022-02-23,Logistic Regression,0,1,0.5077840068393258
2022-02-23,Logistic Regression,1,1,0.5070089640153874
2022-02-23,Logistic Regression,1,1,0.8753094079856423
2022-02-24,Logistic Regression,1,0,0.4636525176065685
2022-02-25,Logistic Regression,0,0,0.40501165129162403
2022-02-26,Logistic Regression,0,0,0.4452884519715218
2022-02-26,Logistic Regression,0,0,0.41572569875517346
2022-02-26,Logistic Regression,0,1,0.5525565134199499
2022-02-26,Logistic Regression,0,1,0.7729047643566671
2022-02-26,Logistic Regression,0,0,0.4885341764826881
2022-02-26,Logistic Regression,1,1,0.8206698135147772
2022-02-27,Logistic Regression,0,0,0.40410416745996525
2022-03-01,Logistic Regression,0,1,0.6755842242638745
2022-03-05,Logistic Regression,0,0,0.40825109872932785
2022-03-05,Logistic Regression,1,0,0.38347186560716434
2022-03-05,Logistic Regression,1,1,0.6329646190270237
2022-03-05,Logistic Regression,1,0,0.46321207888517124
2022-03-05,Logistic Regression,1,1,0.6135697732278556
2022-03-05,Logistic Regression,0,0,0.4432408309523948
2022-03-05,Logistic Regression,0,1,0.5962162141280696
2022-03-06,Logistic Regression,1,1,0.6821423336146035
2022-03-06,Logistic Regression,1,1,0.5339482530240569
2022-03-07,Logistic Regression,1,0,0.4633184744872469
2022-03-10,Logistic Regression,1,1,0.9485179577886734
2022-03-10,Logistic Regression,1,1,0.6502388867664077
2022-03-10,Logistic Regression,1,1,0.5463122639029052
2022-03-10,Logistic Regression,1,0,0.44311016384927915
2022-03-12,Logistic Regression,0,1,0.5778226908062662
2022-03-12,Logistic Regression,0,1,0.5368322484747994
2022-03-12,Logistic Regression,1,1,0.7589311268481488
2022-03-13,Logistic Regression,1,1,0.5859827949130498
2022-03-13,Logistic Regression,1,0,0.2827654199494023
2022-03-13,Logistic Regression,0,0,0.43424518145275115
2022-03-13,Logistic Regression,1,1,0.5118343912459116
2022-03-13,Logistic Regression,0,0,0.4468532533983707
2022-03-13,Logistic Regression,0,0,0.3191183275932643
2022-03-14,Logistic Regression,0,1,0.5925056367188657
2022-03-16,Logistic Regression,0,0,0.39395834552433456
2022-03-16,Logistic Regression,0,1,0.6815871264452283
2022-03-17,Logistic Regression,0,0,0.4423069027663328
2022-03-18,Logistic Regression,1,1,0.5089660162873392
2022-03-19,Logistic Regression,0,0,0.4254353060303386
2022-03-20,Logistic Regression,1,1,0.5249388036487758
2022-03-20,Logistic Regression,1,1,0.5122051780659564
2022-04-02,Logistic Regression,0,1,0.5808466647748245
2022-04-02,Logistic Regression,1,0,0.3395326762866604
2022-04-02,Logistic Regression,0,0,0.28762273467444915
2022-04-02,Logistic Regression,0,0,0.03763115294231487
2022-04-02,Logistic Regression,0,1,0.5381306407959856
2022-04-02,Logistic Regression,0,1,0.6880565935142404
2022-04-02,Logistic Regression,1,0,0.35219449892345533
2022-04-03,Logistic Regression,1,0,0.21709763672235227
2022-04-03,Logistic Regression,1,1,0.8411019823910396
2022-04-04,Logistic Regression,1,1,0.5269126708842982
2022-04-06,Logistic Regression,1,0,0.464335467695254
2022-04-08,Logistic Regression,0,0,0.423860378177022
2022-04-09,Logistic Regression,1,0,0.2548580582943886
2022-04-09,Logistic Regression,1,1,0.7123084255603167
2022-04-09,Logistic Regression,1,1,0.5500671141759128
2022-04-09,Logistic Regression,0,1,0.505518357656845
2022-04-09,Logistic Regression,1,0,0.38576276415091776
2022-04-10,Logistic Regression,0,1,0.6259135827492142
2022-04-10,Logistic Regression,1,0,0.4716668625366068
2022-04-10,Logistic Regression,0,0,0.11992350773958955
2022-04-10,Logistic Regression,1,1,0.5870233837957217
2022-04-16,Logistic Regression,0,0,0.4248954896979741
2022-04-16,Logistic Regression,1,1,0.5456028744453173
2022-04-16,Logistic Regression,0,1,0.5351364062217041
2022-04-16,Logistic Regression,1,1,0.5289872155094405
2022-04-17,Logistic Regression,1,1,0.5921509399066248
2022-04-17,Logistic Regression,0,0,0.33645809961840334
2022-04-19,Logistic Regression,1,1,0.6936694045043406
2022-04-20,Logistic Regression,1,1,0.6309959724387079
2022-04-20,Logistic Regression,0,0,0.39393263576231036
2022-04-20,Logistic Regression,0,0,0.24227662051241255
2022-04-20,Logistic Regression,1,1,0.645424225897458
2022-04-21,Logistic Regression,0,1,0.5262391077764369
2022-04-23,Logistic Regression,1,1,0.5297799053223181
2022-04-23,Logistic Regression,0,0,0.4742300038648654
2022-04-23,Logistic Regression,1,1,0.9166983372870587
2022-04-23,Logistic Regression,1,0,0.39405246781168657
2022-04-23,Logistic Regression,0,1,0.6259472261240249
2022-04-24,Logistic Regression,0,0,0.3814544335976708
2022-04-24,Logistic Regression,0,1,0.5441247222672198
2022-04-24,Logistic Regression,0,0,0.24382546699967078
2022-04-24,Logistic Regression,1,1,0.6137771568331846
2022-04-25,Logistic Regression,0,0,0.48514331734719757
2022-04-28,Logistic Regression,0,0,0.44684486493562103
2022-04-30,Logistic Regression,0,0,0.420374710741231
2022-04-30,Logistic Regression,0,0,0.2824849378364381
2022-04-30,Logistic Regression,1,0,0.39832848814964084
2022-04-30,Logistic Regression,1,0,0.18634557926580714
2022-04-30,Logistic Regression,1,1,0.6997732618662214
2022-04-30,Logistic Regression,1,1,0.7585971943606903
2022-05-01,Logistic Regression,1,1,0.8776907430260905
2022-05-01,Logistic Regression,1,1,0.7143657449431225
2022-05-01,Logistic Regression,0,0,0.3634655525602632
2022-05-02,Logistic Regression,1,0,0.48679598753134096
2022-05-07,Logistic Regression,1,1,0.6309897305468085
2022-05-07,Logistic Regression,1,1,0.633356053797431
2022-05-07,Logistic Regression,1,1,0.5830511884001142
2022-05-07,Logistic Regression,0,1,0.521147913435624
2022-05-07,Logistic Regression,1,1,0.5214441810127747
2022-05-07,Logistic Regression,0,1,0.7877839557959402
2022-05-08,Logistic Regression,1,1,0.5642968917186166
2022-05-08,Logistic Regression,1,1,0.624607639369986
2022-05-08,Logistic Regression,1,0,0.3701819792649631
2022-05-08,Logistic Regression,1,1,0.7918035505825904
2022-05-10,Logistic Regression,1,1,0.7570641335577987
2022-05-11,Logistic Regression,1,0,0.4669289546342522
2022-05-11,Logistic Regression,1,1,0.5458537574943326
2022-05-11,Logistic Regression,0,1,0.6926053662921671
2022-05-11,Logistic Regression,1,1,0.7711561866771101
2022-05-12,Logistic Regression,1,1,0.5690600968289535
2022-05-15,Logistic Regression,1,0,0.3430882577460224
2022-05-15,Logistic Regression,1,1,0.6150183333307039
2022-05-15,Logistic Regression,1,1,0.9721045992002604
2022-05-15,Logistic Regression,0,0,0.12365861737927897
2022-05-15,Logistic Regression,0,1,0.6510494395942854
2022-05-15,Logistic Regression,0,1,0.5064578730264807
2022-05-15,Logistic Regression,0,0,0.2218830960051613
2022-05-16,Logistic Regression,0,0,0.3041007489446888
2022-05-17,Logistic Regression,1,1,0.7246804941977615
2022-05-19,Logistic Regression,1,1,0.5498750055575395
2022-05-19,Logistic Regression,0,1,0.6425995567680423
2022-05-19,Logistic Regression,0,1,0.5161175420060257
2022-05-22,Logistic Regression,1,0,0.48758007004728954
2022-05-22,Logistic Regression,1,1,0.8005232205951981
2022-05-22,Logistic Regression,1,1,0.5893452589855088
2022-05-22,Logistic Regression,0,0,0.21259838957315935
2022-05-22,Logistic Regression,1,0,0.4485409654467313
2022-05-22,Logistic Regression,1,1,0.543700202083583
2022-05-22,Logistic Regression,1,0,0.48128145652533694
2022-05-22,Logistic Regression,1,1,0.6834324201308787
2022-05-22,Logistic Regression,1,0,0.4881705046878824
2022-05-22,Logistic Regression,1,1,0.5436337297212389
2022-08-05,Logistic Regression,0,1,0.5379423665481438
2022-08-06,Logistic Regression,1,1,0.579279501082185
2022-08-06,Logistic Regression,0,1,0.6262164096140894
2022-08-06,Logistic Regression,1,1,0.5647597695262395
2022-08-06,Logistic Regression,0,1,0.6783676333952281
2022-08-06,Logistic Regression,1,1,0.8840460839564629
2022-08-06,Logistic Regression,0,0,0.38612110076704875
2022-08-07,Logistic Regression,0,1,0.6154972400925613
2022-08-07,Logistic Regression,1,1,0.5526238966553455
2022-08-07,Logistic Regression,1,1,0.5316331115538551
2022-08-13,Logistic Regression,1,0,0.36055569534878956
2022-08-13,Logistic Regression,1,0,0.4625072927064041
2022-08-13,Logistic Regression,0,0,0.46713140625890887
2022-08-13,Logistic Regression,1,1,0.8396822335336781
2022-08-13,Logistic Regression,1,0,0.33292758337406353
2022-08-13,Logistic Regression,0,0,0.30643588594590004
2022-08-13,Logistic Regression,1,0,0.48800837337404046
2022-08-14,Logistic Regression,0,1,0.5562586656074487
2022-08-14,Logistic Regression,1,0,0.39193479866078557
2022-08-15,Logistic Regression,0,0,0.48107297546465355
2022-08-20,Logistic Regression,1,1,0.7092368147240732
2022-08-20,Logistic Regression,1,1,0.6079669160699115
2022-08-20,Logistic Regression,1,0,0.4894437076247352
2022-08-20,Logistic Regression,1,1,0.6377434146016377
2022-08-20,Logistic Regression,0,0,0.2575960091694835
2022-08-20,Logistic Regression,0,0,0.35162206570970717
2022-08-21,Logistic Regression,1,0,0.4718395082229734
2022-08-21,Logistic Regression,0,0,0.4904425816394009
2022-08-21,Logistic Regression,1,1,0.7863367284950286
2022-08-22,Logistic Regression,1,1,0.6989409138780092
2022-08-27,Logistic Regression,1,1,0.5692287849075388
2022-08-27,Logistic Regression,1,1,0.8116235707516206
2022-08-27,Logistic Regression,1,1,0.5018944588149611
2022-08-27,Logistic Regression,1,1,0.6030952864250992
2022-08-27,Logistic Regression,0,0,0.35898807244400815
2022-08-27,Logistic Regression,0,1,0.5960080526894
2022-08-27,Logistic Regression,0,0,0.21334903342406347
2022-08-28,Logistic Regression,0,1,0.5869450170907204
2022-08-28,Logistic Regression,0,0,0.4220350582967655
2022-08-28,Logistic Regression,0,1,0.5370119298740257
2022-08-30,Logistic Regression,0,0,0.23361764397203671
2022-08-30,Logistic Regression,1,0,0.18346787374425283
2022-08-30,Logistic Regression,1,1,0.7247513548528797
2022-08-30,Logistic Regression,0,0,0.37266962694632
2022-08-31,Logistic Regression,1,0,0.4529071347595564
2022-08-31,Logistic Regression,1,1,0.5891719173067576
2022-08-31,Logistic Regression,0,1,0.5253346401459833
2022-08-31,Logistic Regression,1,0,0.4581973859721809
2022-08-31,Logistic Regression,0,0,0.14168841778718233
2022-09-01,Logistic Regression,0,1,0.6051016461465767
2022-09-03,Logistic Regression,0,0,0.3463082764734508
2022-09-03,Logistic Regression,0,0,0.38090909531553807
2022-09-03,Logistic Regression,1,1,0.6832065614556424
2022-09-03,Logistic Regression,1,1,0.5735195759432656
2022-09-03,Logistic Regression,0,0,0.2233988528307996
2022-09-03,Logistic Regression,1,0,0.4906946142306634
2022-09-03,Logistic Regression,1,0,0.2933683720518648
2022-09-03,Logistic Regression,0,1,0.5702762250995461
2022-09-04,Logistic Regression,1,1,0.5688552770918968
2022-09-04,Logistic Regression,1,1,0.7215086032171345
2022-09-16,Logistic Regression,0,0,0.391902624711706
2022-09-16,Logistic Regression,1,1,0.7918117621356436
2022-09-17,Logistic Regression,1,1,0.759742675097155
2022-09-17,Logistic Regression,0,0,0.34080226708232697
2022-09-17,Logistic Regression,1,1,0.8830860947690733
2022-09-18,Logistic Regression,1,0,0.38516593231028434
2022-09-18,Logistic Regression,0,0,0.22744943416452892
2022-10-01,Logistic Regression,1,1,0.6220008068213656
2022-10-01,Logistic Regression,0,0,0.403570607678296
2022-10-01,Logistic Regression,1,0,0.441955148725145
2022-10-01,Logistic Regression,1,0,0.40693993769178655
2022-10-01,Logistic Regression,0,0,0.31043657487422865
2022-10-01,Logistic Regression,1,1,0.6423229863536771
2022-10-01,Logistic Regression,1,1,0.527415518606851
2022-10-02,Logistic Regression,1,1,0.7477269043487873
2022-10-02,Logistic Regression,0,0,0.4558147588216477
2022-10-03,Logistic Regression,1,1,0.5516424699844498
2022-10-08,Logistic Regression,1,0,0.23113784445483102
2022-10-08,Logistic Regression,1,1,0.6184865204959412
2022-10-08,Logistic Regression,1,1,0.6896934615168963
2022-10-08,Logistic Regression,1,1,0.7992568747280935
2022-10-08,Logistic Regression,0,0,0.4454966973465278
2022-10-09,Logistic Regression,1,1,0.502575761216015
2022-10-09,Logistic Regression,1,1,0.746941768592756
2022-10-09,Logistic Regression,1,0,0.31164613805622043
2022-10-09,Logistic Regression,1,1,0.5029235705453454
2022-10-10,Logistic Regression,0,1,0.5644951670984898
2022-10-14,Logistic Regression,0,0,0.3887533418839789
2022-10-15,Logistic Regression,0,0,0.49113236314293535
2022-10-15,Logistic Regression,1,1,0.7004161782813514
2022-10-15,Logistic Regression,0,0,0.31399865996965376
2022-10-15,Logistic Regression,0,1,0.5452189618612379
2022-10-16,Logistic Regression,0,0,0.24641696717988065
2022-10-16,Logistic Regression,0,1,0.6370459388999188
2022-10-16,Logistic Regression,0,1,0.5742744072223702
2022-10-16,Logistic Regression,0,0,0.43763871860154707
2022-10-16,Logistic Regression,0,1,0.6406162791170902
2022-10-18,Logistic Regression,0,1,0.5080784884164615
2022-10-18,Logistic Regression,1,0,0.46231510521596886
2022-10-19,Logistic Regression,0,0,0.10431190748638851
2022-10-19,Logistic Regression,0,0,0.3891285904491202
2022-10-19,Logistic Regression,0,1,0.6346355859445854
2022-10-19,Logistic Regression,0,0,0.45911500874331895
2022-10-19,Logistic Regression,0,1,0.7785665745856958
2022-10-20,Logistic Regression,1,1,0.5986706482712182
2022-10-20,Logistic Regression,0,0,0.4340811911668621
2022-10-22,Logistic Regression,0,0,0.4623025005859023
2022-10-22,Logistic Regression,1,1,0.700532277215351
2022-10-22,Logistic Regression,0,0,0.3286284219030744
2022-10-22,Logistic Regression,1,1,0.52594658297642
2022-10-23,Logistic Regression,1,1,0.6328327390950513
2022-10-23,Logistic Regression,1,1,0.8711732100038977
2022-10-23,Logistic Regression,0,1,0.5401038197463188
2022-10-23,Logistic Regression,1,0,0.25637408801592304
2022-10-23,Logistic Regression,1,1,0.8769513113355628
2022-10-24,Logistic Regression,0,0,0.39225933208049
2022-10-29,Logistic Regression,1,1,0.5729126348988627
2022-10-29,Logistic Regression,1,1,0.9115687604966037
2022-10-29,Logistic Regression,0,0,0.43029405070516175
2022-10-29,Logistic Regression,0,0,0.31657663983658163
2022-10-29,Logistic Regression,0,0,0.4809064596204958
2022-10-29,Logistic Regression,0,1,0.788081669775281
2022-10-29,Logistic Regression,1,1,0.5360262930544645
2022-10-29,Logistic Regression,1,1,0.7832615307034364
2022-10-30,Logistic Regression,1,1,0.6152211972814686
2022-10-30,Logistic Regression,0,0,0.29345413422384936
2022-11-05,Logistic Regression,1,1,0.9736136958187454
2022-11-05,Logistic Regression,1,1,0.7348268601215253
2022-11-05,Logistic Regression,1,1,0.6934783492584462
2022-11-05,Logistic Regression,1,1,0.731494502989945
2022-11-05,Logistic Regression,0,0,0.3715356642654372
2022-11-06,Logistic Regression,0,1,0.6709812101411863
2022-11-06,Logistic Regression,1,1,0.5582787301791564
2022-11-06,Logistic Regression,1,1,0.6565610308571364
2022-11-06,Logistic Regression,1,1,0.832107181423231
2022-11-06,Logistic Regression,1,1,0.8279643873774507
2022-11-12,Logistic Regression,0,0,0.44173341736098715
2022-11-12,Logistic Regression,0,1,0.7296793879894314
2022-11-12,Logistic Regression,1,1,0.870326250980835
2022-11-12,Logistic Regression,0,0,0.4655740334645973
2022-11-12,Logistic Regression,1,1,0.7583622017619357
2022-11-12,Logistic Regression,1,1,0.5433048499003682
2022-11-12,Logistic Regression,1,0,0.35702338212047624
2022-11-12,Logistic Regression,0,0,0.14145808280752284
2022-11-13,Logistic Regression,1,0,0.3468968085160111
2022-11-13,Logistic Regression,1,0,0.467576536845649
2022-12-26,Logistic Regression,1,1,0.6395439845224702
2022-12-26,Logistic Regression,1,0,0.2777225793145942
2022-12-26,Logistic Regression,1,0,0.3105703043898955
2022-12-26,Logistic Regression,1,1,0.5611526778100101
2022-12-26,Logistic Regression,1,1,0.6539457499553435
2022-12-26,Logistic Regression,1,1,0.7925966413175688
2022-12-26,Logistic Regression,1,1,0.8095996189323089
2022-12-27,Logistic Regression,0,0,0.2841827571794311
2022-12-27,Logistic Regression,1,1,0.6575476332680349
2022-12-28,Logistic Regression,1,1,0.7674261831498187
2022-12-30,Logistic Regression,1,0,0.4642645943864962
2022-12-30,Logistic Regression,0,1,0.6619362917114588
2022-12-31,Logistic Regression,0,0,0.3037863436115472
2022-12-31,Logistic Regression,0,0,0.22802976813426953
2022-12-31,Logistic Regression,1,0,0.3528561327895926
2022-12-31,Logistic Regression,0,1,0.622427639996607
2022-12-31,Logistic Regression,0,1,0.5305109054743692
2022-12-31,Logistic Regression,1,0,0.3794642698348295
2023-01-01,Logistic Regression,0,1,0.6005903432275458
2023-01-01,Logistic Regression,0,1,0.5647549635819203
2023-01-02,Logistic Regression,1,1,0.6680654160213213
2023-01-03,Logistic Regression,1,1,0.5015039016360247
2023-01-03,Logistic Regression,0,1,0.6416212293069958
2023-01-03,Logistic Regression,0,0,0.33135969577944574
2023-01-03,Logistic Regression,1,1,0.6592543123332183
2023-01-04,Logistic Regression,0,1,0.5710686680739683
2023-01-04,Logistic Regression,1,1,0.7194766047344664
2023-01-04,Logistic Regression,0,0,0.3531069847674505
2023-01-04,Logistic Regression,1,1,0.6014091248776487
2023-01-05,Logistic Regression,0,0,0.42060712040671167
2023-01-12,Logistic Regression,1,0,0.18068320988063197
2023-01-13,Logistic Regression,1,0,0.4729790256784377
2023-01-14,Logistic Regression,0,0,0.3572107188527574
2023-01-14,Logistic Regression,0,0,0.4282337685318995
2023-01-14,Logistic Regression,0,1,0.5508127140016433
2023-01-14,Logistic Regression,1,1,0.5810327720614347
2023-01-14,Logistic Regression,1,1,0.6828867568486257
2023-01-14,Logistic Regression,1,0,0.41916324481610706
2023-01-15,Logistic Regression,0,1,0.5129666972926384
2023-01-15,Logistic Regression,0,0,0.42695198565431963
2023-01-15,Logistic Regression,0,1,0.5778749935422668
2023-01-18,Logistic Regression,0,0,0.2352856224507167
2023-01-19,Logistic Regression,1,1,0.6224182037943206
2023-01-21,Logistic Regression,0,0,0.22088193289264743
2023-01-21,Logistic Regression,0,0,0.3938275972286661
2023-01-21,Logistic Regression,0,0,0.23870765348868772
2023-01-21,Logistic Regression,0,1,0.6231479282764106
2023-01-21,Logistic Regression,0,0,0.30910396784180466
2023-01-21,Logistic Regression,1,1,0.6950375750808102
2023-01-22,Logistic Regression,0,1,0.6965674460236284
2023-01-22,Logistic Regression,1,1,0.7986804614032386
2023-01-22,Logistic Regression,1,1,0.5771902132113178
2023-01-23,Logistic Regression,0,0,0.27253069259810453
2023-02-03,Logistic Regression,0,0,0.15643403637605557
2023-02-04,Logistic Regression,0,1,0.8639267668392082
2023-02-04,Logistic Regression,1,0,0.24256746536592816
2023-02-04,Logistic Regression,0,0,0.43462823652162125
2023-02-04,Logistic Regression,1,0,0.43250315057482885
2023-02-04,Logistic Regression,1,0,0.48664741646013004
2023-02-04,Logistic Regression,0,0,0.4576484879789714
2023-02-04,Logistic Regression,1,1,0.6683951689932006
2023-02-05,Logistic Regression,0,0,0.28962558140633127
2023-02-05,Logistic Regression,0,1,0.622239135654155
2023-02-08,Logistic Regression,1,1,0.8752449121144067
2023-02-11,Logistic Regression,0,1,0.5648068353879437
2023-02-11,Logistic Regression,0,0,0.3920258224846386
2023-02-11,Logistic Regression,0,0,0.34334157861230163
2023-02-11,Logistic Regression,0,1,0.7960402203528016
2023-02-11,Logistic Regression,1,1,0.8679734847317014
2023-02-11,Logistic Regression,1,0,0.34378877021343873
2023-02-11,Logistic Regression,0,0,0.3574200456434374
2023-02-12,Logistic Regression,0,1,0.8591807118387863
2023-02-12,Logistic Regression,1,1,0.5883072618452089
2023-02-13,Logistic Regression,0,0,0.4009454671968409
2023-02-15,Logistic Regression,1,0,0.467809322459203
2023-02-18,Logistic Regression,0,0,0.4323115330118987
2023-02-18,Logistic Regression,0,0,0.14416402236628129
2023-02-18,Logistic Regression,0,1,0.5490960528800682
2023-02-18,Logistic Regression,0,0,0.36880983702625353
2023-02-18,Logistic Regression,1,0,0.42819829398356346
2023-02-18,Logistic Regression,0,0,0.19684902665306372
2023-02-18,Logistic Regression,0,0,0.2639244043692111
2023-02-18,Logistic Regression,0,1,0.7062652841599781
2023-02-19,Logistic Regression,1,1,0.6174193141132909
2023-02-19,Logistic Regression,0,1,0.5355370319450996
2023-02-24,Logistic Regression,0,0,0.27450682526233283
2023-02-25,Logistic Regression,0,0,0.45107267005497076
2023-02-25,Logistic Regression,1,1,0.5254836781784621
2023-02-25,Logistic Regression,1,1,0.8357106781315115
2023-02-25,Logistic Regression,0,0,0.3217669782899523
2023-02-25,Logistic Regression,0,0,0.34538207899552
2023-02-25,Logistic Regression,0,0,0.4255355755402121
2023-02-26,Logistic Regression,0,0,0.399977409753119
2023-03-01,Logistic Regression,1,1,0.5002634600356255
2023-03-01,Logistic Regression,0,0,0.4373672653164745
2023-03-04,Logistic Regression,0,0,0.21868934279980895
2023-03-04,Logistic Regression,0,1,0.8146646432238905
2023-03-04,Logistic Regression,1,1,0.7584118029263898
2023-03-04,Logistic Regression,0,1,0.6853658406776701
2023-03-04,Logistic Regression,1,0,0.4856310642716434
2023-03-04,Logistic Regression,0,0,0.4396148202125222
2023-03-04,Logistic Regression,0,0,0.47364908407957446
2023-03-05,Logistic Regression,1,1,0.6978143903268679
2023-03-05,Logistic Regression,1,0,0.3418137518355087
2023-03-06,Logistic Regression,1,1,0.6324704508461871
2023-03-11,Logistic Regression,0,1,0.8297665537605775
2023-03-11,Logistic Regression,0,0,0.34787676651095073
2023-03-11,Logistic Regression,1,0,0.182653122676135
2023-03-11,Logistic Regression,1,0,0.49902859129970956
2023-03-11,Logistic Regression,1,1,0.5434460908965616
2023-03-11,Logistic Regression,0,1,0.5506489581486657
2023-03-12,Logistic Regression,1,0,0.40412962738030606
2023-03-12,Logistic Regression,0,1,0.5549154465004674
2023-03-12,Logistic Regression,1,1,0.532422184040757
2023-03-12,Logistic Regression,0,1,0.6236723650291557
2023-03-15,Logistic Regression,0,0,0.3955614305119012
2023-03-15,Logistic Regression,0,1,0.625780624921347
2023-03-17,Logistic Regression,1,1,0.6837486233600979
2023-03-18,Logistic Regression,1,0,0.35286044994185883
2023-03-18,Logistic Regression,1,1,0.6398709596089175
2023-03-18,Logistic Regression,0,1,0.5927750948059907
2023-03-18,Logistic Regression,1,1,0.8728430378192623
2023-03-18,Logistic Regression,1,1,0.5572063805600884
2023-03-19,Logistic Regression,1,1,0.6032467677709855
2023-04-01,Logistic Regression,0,0,0.3338556477033238
2023-04-01,Logistic Regression,0,0,0.41532988688814837
2023-04-01,Logistic Regression,1,0,0.4298851826984945
2023-04-01,Logistic Regression,1,1,0.672784797658715
2023-04-01,Logistic Regression,1,1,0.6765871894780855
2023-04-01,Logistic Regression,1,1,0.628068870190406
2023-04-01,Logistic Regression,1,0,0.3737910418205659
2023-04-02,Logistic Regression,0,0,0.24275534107426947
2023-04-02,Logistic Regression,0,1,0.5270202182191688
2023-04-03,Logistic Regression,0,0,0.48269592205495127
2023-04-04,Logistic Regression,0,0,0.2658082213378744
2023-04-04,Logistic Regression,0,0,0.398499075812833
2023-04-04,Logistic Regression,1,0,0.27120172860698066
2023-04-04,Logistic Regression,1,0,0.4429724001598494
2023-04-05,Logistic Regression,0,1,0.525249471069405
2023-04-05,Logistic Regression,1,1,0.844543960491218
2023-04-08,Logistic Regression,1,0,0.40771959982023365
2023-04-08,Logistic Regression,0,0,0.286670038073409
2023-04-08,Logistic Regression,0,0,0.32116848562569367
2023-04-08,Logistic Regression,0,1,0.5329404380137528
2023-04-08,Logistic Regression,0,1,0.5873798192811418
2023-04-08,Logistic Regression,0,1,0.591852304675779
2023-04-08,Logistic Regression,1,1,0.8002901106616664
2023-04-08,Logistic Regression,1,1,0.5707702927469376
2023-04-09,Logistic Regression,1,1,0.6905847823634155
2023-04-09,Logistic Regression,1,1,0.5115526860685123
2023-04-15,Logistic Regression,1,1,0.8278003731532301
2023-04-15,Logistic Regression,0,0,0.4670928239597998
2023-04-15,Logistic Regression,1,1,0.8133591330930764
2023-04-15,Logistic Regression,1,1,0.5566152133461515
2023-04-15,Logistic Regression,1,0,0.2845010414938269
2023-04-15,Logistic Regression,1,1,0.5257638178680414
2023-04-15,Logistic Regression,0,0,0.4125586124809446
2023-04-16,Logistic Regression,1,1,0.7408273293418373
2023-04-16,Logistic Regression,0,1,0.603252248124607
2023-04-17,Logistic Regression,1,1,0.9001316521191853
2023-04-21,Logistic Regression,1,1,0.6133508282000871
2023-04-22,Logistic Regression,1,0,0.35474113691351883
2023-04-22,Logistic Regression,1,0,0.2696444268257396
2023-04-22,Logistic Regression,0,1,0.6388654618778907
2023-04-22,Logistic Regression,1,1,0.8579493460568419
2023-04-22,Logistic Regression,0,1,0.5308791578002522
2023-04-23,Logistic Regression,1,0,0.41713659778519263
2023-04-23,Logistic Regression,1,1,0.850030558374294
2023-04-25,Logistic Regression,0,1,0.5793639173998912
2023-04-25,Logistic Regression,0,0,0.4480962281610055
2023-04-25,Logistic Regression,0,0,0.4986511894993205
2023-04-26,Logistic Regression,1,0,0.4816751860431101
2023-04-26,Logistic Regression,1,1,0.6071711267606509
2023-04-26,Logistic Regression,0,0,0.35614864267464175
2023-04-26,Logistic Regression,1,0,0.4659700884475078
2023-04-27,Logistic Regression,1,1,0.779012831937761
2023-04-27,Logistic Regression,1,0,0.4170624968574495
2023-04-27,Logistic Regression,0,0,0.10323857298544467
2023-04-29,Logistic Regression,1,1,0.794413133512541
2023-04-29,Logistic Regression,1,1,0.687337278810292
2023-04-29,Logistic Regression,1,1,0.7398898067892203
2023-04-30,Logistic Regression,1,1,0.9751358546527774
2023-04-30,Logistic Regression,1,1,0.6592553568545394
2023-04-30,Logistic Regression,0,1,0.5889695890661736
2023-04-30,Logistic Regression,1,1,0.6974938705748505
2023-04-30,Logistic Regression,1,1,0.8230181782612865
2023-05-01,Logistic Regression,1,0,0.3733458362003009
2023-05-02,Logistic Regression,1,1,0.7193472387882063
2023-05-03,Logistic Regression,0,1,0.6608586326805628
2023-05-03,Logistic Regression,1,1,0.6573740185607935
2023-05-04,Logistic Regression,0,1,0.56471746712199
2023-05-06,Logistic Regression,1,0,0.30026928725533
2023-05-06,Logistic Regression,1,1,0.7977755146411443
2023-05-06,Logistic Regression,0,1,0.6137620284889034
2023-05-06,Logistic Regression,0,0,0.3567145347668792
2023-05-06,Logistic Regression,0,1,0.7152997926122018
2023-05-07,Logistic Regression,0,0,0.32798628712043054
2023-05-07,Logistic Regression,0,0,0.2762486544440668
2023-05-08,Logistic Regression,1,1,0.5663574412355934
2023-05-08,Logistic Regression,1,1,0.7106075584845776
2023-05-08,Logistic Regression,1,1,0.6670389480335549
2023-05-13,Logistic Regression,1,0,0.48133286724500485
2023-05-13,Logistic Regression,1,1,0.5767692050571788
2023-05-13,Logistic Regression,1,1,0.5461890648098966
2023-05-13,Logistic Regression,0,0,0.21120835119123588
2023-05-13,Logistic Regression,0,0,0.33202485652334884
2023-05-13,Logistic Regression,0,0,0.3410318707854379
2023-05-14,Logistic Regression,0,1,0.6445721959570035
2023-05-14,Logistic Regression,1,1,0.5127992617909252
2023-05-14,Logistic Regression,1,0,0.4372608393509028
2023-05-15,Logistic Regression,1,0,0.4450535149114922
2023-05-18,Logistic Regression,1,1,0.5032300441116115
2023-05-20,Logistic Regression,1,1,0.6675831375585627
2023-05-20,Logistic Regression,0,1,0.5095860484908327
2023-05-20,Logistic Regression,1,0,0.28773671841463044
2023-05-20,Logistic Regression,0,1,0.8053381138898269
2023-05-20,Logistic Regression,0,0,0.3325199351063455
2023-05-20,Logistic Regression,0,1,0.5563794570662739
2023-05-21,Logistic Regression,1,1,0.6893496726266083
2023-05-21,Logistic Regression,1,1,0.683833314183459
2023-05-21,Logistic Regression,0,0,0.4758826365079425
2023-05-22,Logistic Regression,0,1,0.6445220541540994
2023-05-24,Logistic Regression,0,1,0.65713045192185
2023-05-25,Logistic Regression,1,0,0.45162670976288183
2023-05-28,Logistic Regression,1,0,0.4991303501090247
2023-05-28,Logistic Regression,1,0,0.4676242972012628
2023-05-28,Logistic Regression,0,0,0.29393867140748015
2023-05-28,Logistic Regression,0,0,0.39774874543352307
2023-05-28,Logistic Regression,0,0,0.16114523578387455
2023-05-28,Logistic Regression,0,1,0.5261781503396623
2023-05-28,Logistic Regression,1,1,0.858814375430016
2023-05-28,Logistic Regression,1,1,0.7147808064344431
2023-05-28,Logistic Regression,1,0,0.38743642488710184
2023-05-28,Logistic Regression,1,1,0.6930070083209894
2023-08-11,Logistic Regression,1,1,0.5545882280558746
2023-08-12,Logistic Regression,1,1,0.5865533146249602
2023-08-12,Logistic Regression,0,0,0.4021890619746326
2023-08-12,Logistic Regression,0,0,0.28103462782253547
2023-08-12,Logistic Regression,1,1,0.607764826475069
2023-08-12,Logistic Regression,0,0,0.41059767141933246
2023-08-12,Logistic Regression,1,1,0.8871359826085335
2023-08-13,Logistic Regression,1,1,0.6399924276843908
2023-08-13,Logistic Regression,0,0,0.24273898034989932
2023-08-14,Logistic Regression,0,0,0.3514559161411248
2023-08-18,Logistic Regression,1,1,0.7216352494796829
2023-08-19,Logistic Regression,0,1,0.8208024750434466
2023-08-19,Logistic Regression,0,1,0.7827663014820152
2023-08-19,Logistic Regression,1,1,0.7247763184856791
2023-08-19,Logistic Regression,1,1,0.8419655453662336
2023-08-19,Logistic Regression,1,1,0.6401617671395713
2023-08-20,Logistic Regression,1,0,0.40519586255993717
2023-08-20,Logistic Regression,1,1,0.5774019869316519
2023-08-21,Logistic Regression,0,1,0.5808018565236834
2023-08-25,Logistic Regression,1,1,0.7823238519411739
2023-08-26,Logistic Regression,1,1,0.6804104495986607
2023-08-26,Logistic Regression,0,0,0.30602140298827274
2023-08-26,Logistic Regression,1,1,0.531665448665314
2023-08-26,Logistic Regression,1,1,0.5952113071149491
2023-08-26,Logistic Regression,0,1,0.7898684240533522
2023-08-26,Logistic Regression,0,0,0.26639916964095195
2023-08-27,Logistic Regression,1,1,0.6619995927143965
2023-08-27,Logistic Regression,1,0,0.2076955915427175
2023-08-27,Logistic Regression,1,0,0.44126384048386774
2023-09-01,Logistic Regression,1,1,0.6994540186405415
2023-09-02,Logistic Regression,1,1,0.509155573182553
2023-09-02,Logistic Regression,1,0,0.21841310735474911
2023-09-02,Logistic Regression,1,0,0.36329447899840206
2023-09-02,Logistic Regression,1,0,0.48749818071861545
2023-09-02,Logistic Regression,0,1,0.5738248092632924
2023-09-02,Logistic Regression,1,1,0.7294060757730421
2023-09-03,Logistic Regression,1,1,0.6015696101214759
2023-09-03,Logistic Regression,1,0,0.4397306484586623
2023-09-03,Logistic Regression,1,1,0.8076238716510273
2023-09-16,Logistic Regression,1,0,0.44013003989805133
2023-09-16,Logistic Regression,1,1,0.7131365138547554
2023-09-16,Logistic Regression,0,1,0.7083384290598347
2023-09-16,Logistic Regression,1,1,0.6135982607380215
2023-09-16,Logistic Regression,1,1,0.7059022876113841
2023-09-16,Logistic Regression,1,1,0.6360159229393765
2023-09-16,Logistic Regression,0,1,0.7924701268810919
2023-09-17,Logistic Regression,0,0,0.2762285197311921
2023-09-17,Logistic Regression,0,0,0.45281524354466574
2023-09-18,Logistic Regression,0,0,0.4777501310906216
2023-09-23,Logistic Regression,0,0,0.36070708137868895
2023-09-23,Logistic Regression,1,0,0.38244497647721665
2023-09-23,Logistic Regression,0,0,0.36657495070136464
2023-09-23,Logistic Regression,0,0,0.3034692271689275
2023-09-23,Logistic Regression,0,1,0.6248090611750811
2023-09-24,Logistic Regression,1,1,0.6037980963626437
2023-09-24,Logistic Regression,1,0,0.45337989174422433
2023-09-24,Logistic Regression,0,0,0.4345827571978981
2023-09-24,Logistic Regression,1,1,0.6257636915765207
2023-09-24,Logistic Regression,1,1,0.7844259054933767
2023-09-30,Logistic Regression,0,0,0.44676829621440944
2023-09-30,Logistic Regression,1,1,0.8001053837839007
2023-09-30,Logistic Regression,1,1,0.7687199887280433
2023-09-30,Logistic Regression,0,1,0.5829814338021903
2023-09-30,Logistic Regression,1,1,0.692985704232871
2023-09-30,Logistic Regression,1,0,0.3882469972885757
2023-09-30,Logistic Regression,1,1,0.502509494463778
2023-09-30,Logistic Regression,0,0,0.2823656278371279
2023-10-01,Logistic Regression,0,1,0.7342463526749132
2023-10-02,Logistic Regression,0,0,0.19653942331581026
2023-10-03,Logistic Regression,1,0,0.3734196944023722
2023-10-07,Logistic Regression,0,0,0.15360109423495777
2023-10-07,Logistic Regression,1,1,0.5353448489014079
2023-10-07,Logistic Regression,1,1,0.6515311623330127
2023-10-07,Logistic Regression,1,1,0.6214799441064677
2023-10-07,Logistic Regression,0,0,0.24004073145940355
2023-10-07,Logistic Regression,1,1,0.5425675895961558
2023-10-08,Logistic Regression,1,1,0.6077348193071038
2023-10-08,Logistic Regression,1,1,0.8743991229217561
2023-10-08,Logistic Regression,0,0,0.33088833106167076
2023-10-08,Logistic Regression,0,0,0.4861303283056464
2023-10-21,Logistic Regression,1,1,0.5941226928236785
2023-10-21,Logistic Regression,1,1,0.8385917603196754
2023-10-21,Logistic Regression,1,1,0.6179882367047499
2023-10-21,Logistic Regression,1,0,0.2316757211534017
2023-10-21,Logistic Regression,1,1,0.6941638241542583
2023-10-21,Logistic Regression,1,1,0.5644609454533196
2023-10-21,Logistic Regression,1,0,0.12883793203505295
2023-10-21,Logistic Regression,0,0,0.41317101043165066
2023-10-22,Logistic Regression,1,1,0.6364718488989093
2023-10-23,Logistic Regression,0,0,0.32267270018228417
2023-10-27,Logistic Regression,1,1,0.5606854622046455
2023-10-28,Logistic Regression,0,0,0.3620723315138725
2023-10-28,Logistic Regression,1,1,0.8740808828654308
2023-10-28,Logistic Regression,1,0,0.38896796646358583
2023-10-28,Logistic Regression,1,0,0.45378486412656327
2023-10-29,Logistic Regression,1,1,0.7039176907550843
2023-10-29,Logistic Regression,1,0,0.38654906831546226
2023-10-29,Logistic Regression,1,1,0.8981447039890219
2023-10-29,Logistic Regression,0,0,0.2523610989179358
2023-10-29,Logistic Regression,0,0,0.20094946889279852
2023-11-04,Logistic Regression,0,0,0.334439136575675
2023-11-04,Logistic Regression,0,0,0.34336034237302193
2023-11-04,Logistic Regression,1,1,0.633959955087438
2023-11-04,Logistic Regression,0,0,0.4663448806237925
2023-11-04,Logistic Regression,0,1,0.6448970710147476
2023-11-04,Logistic Regression,1,1,0.881106881905814
2023-11-04,Logistic Regression,1,0,0.2112296124027066
2023-11-05,Logistic Regression,0,1,0.6444907297424627
2023-11-05,Logistic Regression,0,1,0.5534144143183921
2023-11-06,Logistic Regression,1,0,0.41856818871782836
2023-11-11,Logistic Regression,1,0,0.2312596420884703
2023-11-11,Logistic Regression,1,0,0.36141012686823365
2023-11-11,Logistic Regression,1,1,0.5209881597186014
2023-11-11,Logistic Regression,0,0,0.30206417903899146
2023-11-11,Logistic Regression,0,0,0.4080689681631567
2023-11-12,Logistic Regression,1,1,0.5704417021588221
2023-11-12,Logistic Regression,1,1,0.7302623770352622
2023-11-12,Logistic Regression,1,0,0.40041387539590767
2023-11-12,Logistic Regression,1,1,0.6280176735513979
2023-11-12,Logistic Regression,0,0,0.45199993623020185
2023-11-25,Logistic Regression,0,1,0.6459828179775857
2023-11-25,Logistic Regression,1,0,0.2927485620954214
2023-11-25,Logistic Regression,1,0,0.36945795957172706
2023-11-25,Logistic Regression,1,0,0.4734226573160621
2023-11-25,Logistic Regression,1,1,0.5061906513592811
2023-11-25,Logistic Regression,1,1,0.8012130425420855
2023-11-25,Logistic Regression,0,0,0.3825696348430164
2023-11-26,Logistic Regression,1,0,0.4760325201705953
2023-11-26,Logistic Regression,1,1,0.5959422221533381
2023-11-27,Logistic Regression,1,0,0.2893684693148478
2023-12-02,Logistic Regression,0,1,0.5841658460200918
2023-12-02,Logistic Regression,0,0,0.33023060497234796
2023-12-02,Logistic Regression,1,1,0.5466374987663456
2023-12-02,Logistic Regression,1,1,0.9299564327680233
2023-12-02,Logistic Regression,1,1,0.5204103715722721
2023-12-03,Logistic Regression,1,1,0.6261429524122707
2023-12-03,Logistic Regression,1,1,0.5179730124287371
2023-12-03,Logistic Regression,1,1,0.6636309783603325
2023-12-03,Logistic Regression,0,1,0.8199685361597674
2023-12-03,Logistic Regression,1,1,0.6483851782028146
2023-12-05,Logistic Regression,0,0,0.2776039830622572
2023-12-05,Logistic Regression,1,1,0.8620788063849115
2023-12-06,Logistic Regression,1,0,0.44561619186100837
2023-12-06,Logistic Regression,0,1,0.656127063254917
2023-12-06,Logistic Regression,0,1,0.514004802779368
2023-12-06,Logistic Regression,0,0,0.22597293400523513
2023-12-06,Logistic Regression,1,0,0.4055775360592918
2023-12-06,Logistic Regression,1,1,0.8152085100555455
2023-12-07,Logistic Regression,1,0,0.4590587884288599
2023-12-07,Logistic Regression,1,1,0.5399038277295201
2023-12-09,Logistic Regression,1,0,0.46948175099191997
2023-12-09,Logistic Regression,0,0,0.3193789907236474
2023-12-09,Logistic Regression,1,0,0.49640779103555654
2023-12-09,Logistic Regression,0,0,0.20293308231722998
2023-12-09,Logistic Regression,0,0,0.38402491041385745
2023-12-09,Logistic Regression,0,0,0.47565726700449223
2023-12-10,Logistic Regression,1,1,0.8654502195288512
2023-12-10,Logistic Regression,1,1,0.8801380613064584
2023-12-10,Logistic Regression,0,0,0.3803129438349761
2023-12-10,Logistic Regression,1,0,0.328586452913658
2023-12-15,Logistic Regression,0,1,0.5437026066173086
2023-12-16,Logistic Regression,0,1,0.6939213576662696
2023-12-16,Logistic Regression,1,1,0.6118050648520824
2023-12-16,Logistic Regression,1,1,0.514062526830203
2023-12-16,Logistic Regression,0,0,0.4545855246688047
2023-12-17,Logistic Regression,0,1,0.7275416184235014
2023-12-17,Logistic Regression,0,0,0.4457216665241069
2023-12-17,Logistic Regression,1,1,0.6546323712688623
2023-12-17,Logistic Regression,1,0,0.44833719966769314
2023-12-21,Logistic Regression,0,0,0.3673096636367048
2023-12-22,Logistic Regression,0,0,0.40663644887040123
2023-12-23,Logistic Regression,0,0,0.2876141634212688
2023-12-23,Logistic Regression,0,0,0.47261287353742715
2023-12-23,Logistic Regression,0,1,0.8736819061230258
2023-12-23,Logistic Regression,1,1,0.5686989292432257
2023-12-23,Logistic Regression,1,0,0.4583441294184455
2023-12-23,Logistic Regression,0,1,0.7191495301766571
2023-12-24,Logistic Regression,1,1,0.6096728655080592
2023-12-26,Logistic Regression,1,1,0.6121704585889707
2023-12-26,Logistic Regression,0,0,0.30851825667724503
2023-12-26,Logistic Regression,1,1,0.8785822272126597
2023-12-26,Logistic Regression,1,1,0.7172063635866426
2023-12-26,Logistic Regression,1,1,0.7346535566463288
2023-12-27,Logistic Regression,1,0,0.49492693491889617
2023-12-27,Logistic Regression,1,1,0.5486300642434158
2023-12-27,Logistic Regression,1,1,0.5853144626117072
2023-12-28,Logistic Regression,1,0,0.4054370737718931
2023-12-28,Logistic Regression,0,1,0.7695245332435191
2023-12-30,Logistic Regression,1,1,0.613219670081144
2023-12-30,Logistic Regression,1,0,0.3252014241503553
2023-12-30,Logistic Regression,0,0,0.2428825855960636
2023-12-30,Logistic Regression,1,1,0.7055931022344654
2023-12-30,Logistic Regression,1,1,0.8117495663278456
2023-12-30,Logistic Regression,1,0,0.2510366706755544
2023-12-31,Logistic Regression,1,1,0.563722544089035
2023-12-31,Logistic Regression,1,1,0.7694899156595835
2024-01-01,Logistic Regression,1,0,0.49658819460417364
2024-01-02,Logistic Regression,0,1,0.52018747686111
2024-01-12,Logistic Regression,0,0,0.40775096906681785
2024-01-13,Logistic Regression,0,0,0.22243025708265335
2024-01-13,Logistic Regression,1,1,0.8112575523147504
2024-01-14,Logistic Regression,0,0,0.3764535651912887
2024-01-14,Logistic Regression,1,1,0.7930188444519204
2024-01-20,Logistic Regression,1,1,0.6908319773902016
2024-01-20,Logistic Regression,1,1,0.6085728948030928
2024-01-21,Logistic Regression,1,0,0.3978591586510913
2024-01-21,Logistic Regression,1,1,0.8355225786783879
2024-01-22,Logistic Regression,0,1,0.7516135487145336
2024-01-30,Logistic Regression,1,1,0.5449050391853341
2024-01-30,Logistic Regression,0,0,0.30081015797585015
2024-01-30,Logistic Regression,1,1,0.8800694523080808
2024-01-30,Logistic Regression,1,0,0.4174184950847707
2024-01-30,Logistic Regression,1,1,0.6210637642167985
2024-01-31,Logistic Regression,1,0,0.3249983209695194
2024-01-31,Logistic Regression,1,1,0.5896874229758492
2024-01-31,Logistic Regression,1,1,0.6709321735140277
2024-02-01,Logistic Regression,0,0,0.4212533107692535
2024-02-01,Logistic Regression,1,0,0.38943322031648403
2024-02-03,Logistic Regression,1,0,0.34411698238184796
2024-02-03,Logistic Regression,1,1,0.5154031820704059
2024-02-03,Logistic Regression,1,0,0.4231384791508189
2024-02-03,Logistic Regression,1,0,0.4285556919847113
2024-02-03,Logistic Regression,1,1,0.8857622372198622
2024-02-04,Logistic Regression,1,0,0.29828885445496495
2024-02-04,Logistic Regression,1,1,0.7005154219310847
2024-02-04,Logistic Regression,0,1,0.6539513386728414
2024-02-04,Logistic Regression,1,1,0.6618849771290141
2024-02-05,Logistic Regression,1,0,0.3212285926291324
2024-02-10,Logistic Regression,0,1,0.5318665835843547
2024-02-10,Logistic Regression,1,1,0.6835765293585798
2024-02-10,Logistic Regression,1,1,0.8785188601175915
2024-02-10,Logistic Regression,1,0,0.48808799752786364
2024-02-10,Logistic Regression,1,0,0.3899747490100418
2024-02-10,Logistic Regression,1,1,0.6884786892578457
2024-02-10,Logistic Regression,0,1,0.5840617620667024
2024-02-11,Logistic Regression,1,1,0.7516871290609829
2024-02-11,Logistic Regression,1,1,0.6461064611934471
2024-02-12,Logistic Regression,1,1,0.558458011559192
2024-02-17,Logistic Regression,0,0,0.47185881766372345
2024-02-17,Logistic Regression,1,0,0.3307840647497825
2024-02-17,Logistic Regression,0,1,0.5309372034890434
2024-02-17,Logistic Regression,1,0,0.4121799269698241
2024-02-17,Logistic Regression,1,1,0.5941002886039298
2024-02-17,Logistic Regression,1,0,0.3474672967711625
2024-02-17,Logistic Regression,1,1,0.6755708862477028
2024-02-18,Logistic Regression,1,0,0.45532192944464966
2024-02-18,Logistic Regression,1,0,0.2983552145463664
2024-02-19,Logistic Regression,0,1,0.5819249714660217
2024-02-20,Logistic Regression,0,0,0.3893502276931918
2024-02-21,Logistic Regression,1,1,0.7247061272088793
2024-02-24,Logistic Regression,0,1,0.8320376746697382
2024-02-24,Logistic Regression,1,0,0.4353817866509938
2024-02-24,Logistic Regression,1,0,0.36249307796110997
2024-02-24,Logistic Regression,0,1,0.717475979005894
2024-02-24,Logistic Regression,1,1,0.5820010515899836
2024-02-24,Logistic Regression,1,1,0.5549220738701119
2024-02-25,Logistic Regression,0,0,0.2750857225285137
2024-02-26,Logistic Regression,1,1,0.6953763291297163
2024-03-02,Logistic Regression,1,0,0.39578800159019095
2024-03-02,Logistic Regression,1,0,0.2444437718456816
2024-03-02,Logistic Regression,1,0,0.22467178553591977
2024-03-02,Logistic Regression,1,0,0.43924835607091606
2024-03-02,Logistic Regression,0,0,0.35376171345064367
2024-03-02,Logistic Regression,1,1,0.6634736117711796
2024-03-02,Logistic Regression,1,1,0.8650705333386199
2024-03-03,Logistic Regression,1,1,0.708713497122784
2024-03-03,Logistic Regression,0,0,0.43841406530284865
2024-03-04,Logistic Regression,1,1,0.8592827769419632
2024-03-09,Logistic Regression,0,1,0.5748269223551818
2024-03-09,Logistic Regression,1,1,0.8036052848494928
2024-03-09,Logistic Regression,0,0,0.47623707567540763
2024-03-09,Logistic Regression,1,0,0.3360855545987964
2024-03-09,Logistic Regression,1,0,0.44530598267859206
2024-03-10,Logistic Regression,1,1,0.6021333832153107
2024-03-10,Logistic Regression,0,1,0.5470691656871983
2024-03-10,Logistic Regression,1,0,0.3969072313174756
2024-03-10,Logistic Regression,0,1,0.6033997151891812
2024-03-11,Logistic Regression,1,1,0.5287817226775644
2024-03-13,Logistic Regression,1,1,0.9173993324506888
2024-03-16,Logistic Regression,1,0,0.338491438811608
2024-03-16,Logistic Regression,1,1,0.593087608872968
2024-03-16,Logistic Regression,0,1,0.5753497925567791
2024-03-17,Logistic Regression,0,1,0.6192487581269849
2024-03-30,Logistic Regression,1,1,0.830816344239369
2024-03-30,Logistic Regression,1,1,0.5977192795963467
2024-03-30,Logistic Regression,1,1,0.7332480563605335
2024-03-30,Logistic Regression,0,0,0.17888364591245548
2024-03-30,Logistic Regression,1,1,0.6832705841694627
2024-03-30,Logistic Regression,1,0,0.39440643149472254
2024-03-30,Logistic Regression,0,0,0.38346836843316917
2024-03-30,Logistic Regression,0,1,0.5328181508834442
2024-03-31,Logistic Regression,1,1,0.6679293008341487
2024-03-31,Logistic Regression,0,1,0.5595685187989041
2024-04-02,Logistic Regression,0,1,0.5849183470715079
2024-04-02,Logistic Regression,0,0,0.2803479231688303
2024-04-02,Logistic Regression,0,1,0.5334699715327913
2024-04-02,Logistic Regression,1,1,0.7889977323644611
2024-04-02,Logistic Regression,0,0,0.28386102338013275
2024-04-03,Logistic Regression,1,1,0.6121334412594843
2024-04-03,Logistic Regression,0,1,0.8991835032916227
2024-04-03,Logistic Regression,0,0,0.4284612785045389
2024-04-04,Logistic Regression,1,0,0.4862096870622316
2024-04-04,Logistic Regression,1,1,0.5713808967241832
2024-04-06,Logistic Regression,1,0,0.47759228287873245
2024-04-06,Logistic Regression,1,0,0.46583894623934297
2024-04-06,Logistic Regression,1,1,0.9130445446849786
2024-04-06,Logistic Regression,1,1,0.5971534674748112
2024-04-06,Logistic Regression,0,1,0.5248130319154434
2024-04-06,Logistic Regression,1,1,0.6939359293722402
2024-04-06,Logistic Regression,0,0,0.4672534341417044
2024-04-07,Logistic Regression,1,1,0.7142036824071756
2024-04-07,Logistic Regression,1,1,0.7206704635140291
2024-04-07,Logistic Regression,1,1,0.6616016765841596
2024-04-13,Logistic Regression,1,1,0.8700247090289948
2024-04-13,Logistic Regression,0,0,0.2148739874804028
2024-04-13,Logistic Regression,0,0,0.3577103713835803
2024-04-13,Logistic Regression,1,1,0.8938512014364072
2024-04-13,Logistic Regression,1,0,0.3483909363088684
2024-04-13,Logistic Regression,1,1,0.5427626502531171
2024-04-14,Logistic Regression,0,0,0.49923490361487793
2024-04-14,Logistic Regression,0,1,0.5827489004982391
2024-04-14,Logistic Regression,0,0,0.38323011230687976
2024-04-15,Logistic Regression,1,0,0.4893065998053678
2024-04-20,Logistic Regression,1,1,0.6437062387978386
2024-04-20,Logistic Regression,1,1,0.9283616780150616
2024-04-20,Logistic Regression,0,1,0.52130975420707
2024-04-21,Logistic Regression,1,1,0.6084341849646424
2024-04-21,Logistic Regression,1,1,0.8255021612808549
2024-04-21,Logistic Regression,1,1,0.6761394990035425
2024-04-21,Logistic Regression,0,0,0.395219443493993
2024-04-23,Logistic Regression,1,1,0.712035108217715
2024-04-24,Logistic Regression,0,0,0.18003004562687697
2024-04-24,Logistic Regression,0,0,0.2506136521158838
2024-04-24,Logistic Regression,0,0,0.4029247227569375
2024-04-24,Logistic Regression,1,1,0.8500112465669969
2024-04-25,Logistic Regression,1,1,0.6415215347161966
2024-04-27,Logistic Regression,1,1,0.5227690106840781
2024-04-27,Logistic Regression,0,0,0.4480483706197643
2024-04-27,Logistic Regression,1,0,0.4587559822424139
2024-04-27,Logistic Regression,1,1,0.8368370160482428
2024-04-27,Logistic Regression,0,0,0.4308965539731175
2024-04-27,Logistic Regression,0,0,0.30389763266961867
2024-04-27,Logistic Regression,1,1,0.5894246349211972
2024-04-28,Logistic Regression,1,1,0.5177190610856248
2024-04-28,Logistic Regression,1,1,0.6591326644770726
2024-04-28,Logistic Regression,0,1,0.5514641436685088
2024-05-02,Logistic Regression,0,0,0.45715420259520456
2024-05-03,Logistic Regression,0,0,0.4560201641802819
2024-05-04,Logistic Regression,1,1,0.8049032544132749
2024-05-04,Logistic Regression,1,1,0.5813183262073316
2024-05-04,Logistic Regression,1,1,0.7640108377522962
2024-05-04,Logistic Regression,1,1,0.776082743632231
2024-05-04,Logistic Regression,0,1,0.6362906036499373
2024-05-05,Logistic Regression,0,0,0.47204116386011846
2024-05-05,Logistic Regression,1,1,0.6214433031977068
2024-05-05,Logistic Regression,1,1,0.822126793473333
2024-05-06,Logistic Regression,1,0,0.2898108291727342
2024-05-11,Logistic Regression,1,1,0.709291245079904
2024-05-11,Logistic Regression,1,1,0.566320857445628
2024-05-11,Logistic Regression,1,0,0.483012301260599
2024-05-11,Logistic Regression,1,1,0.5783056413568184
2024-05-11,Logistic Regression,0,1,0.5701090521887483
2024-05-11,Logistic Regression,0,0,0.3112044465337212
2024-05-11,Logistic Regression,1,0,0.47351377871932515
2024-05-11,Logistic Regression,1,1,0.6655502298213073
2024-05-12,Logistic Regression,0,1,0.574872583771589
2024-05-13,Logistic Regression,1,1,0.7999308515617326
2024-05-14,Logistic Regression,0,1,0.6859752671192514
2024-05-15,Logistic Regression,1,1,0.6007722405298688
2024-05-15,Logistic Regression,1,1,0.5820575045911857
2024-05-19,Logistic Regression,1,1,0.6484462365412811
2024-05-19,Logistic Regression,1,1,0.726373789409241
2024-05-19,Logistic Regression,1,1,0.7430295280273312
2024-05-19,Logistic Regression,0,1,0.5220402890632725
2024-05-19,Logistic Regression,1,1,0.6884562722570511
2024-05-19,Logistic Regression,1,0,0.3318336996048619
2024-05-19,Logistic Regression,1,0,0.46012334409506406
2024-05-19,Logistic Regression,0,1,0.627107465743158
2024-05-19,Logistic Regression,1,1,0.7961672037761279
2024-05-19,Logistic Regression,1,1,0.5509859567466568
2024-08-16,Logistic Regression,0,0,0.3988740043286863
2024-08-17,Logistic Regression,0,1,0.638812407697413
2024-08-17,Logistic Regression,0,1,0.7428737422935622
2024-08-17,Logistic Regression,1,1,0.6001371748738104
2024-08-17,Logistic Regression,0,1,0.5310898102270563
2024-08-17,Logistic Regression,0,0,0.32527415466734927
2024-08-17,Logistic Regression,1,1,0.7580765472260902
2024-08-18,Logistic Regression,1,0,0.26087322783133754
2024-08-18,Logistic Regression,0,0,0.47657326835220115
2024-08-19,Logistic Regression,0,1,0.8966042224576851
2024-08-24,Logistic Regression,1,1,0.5835000467374236
2024-08-24,Logistic Regression,0,1,0.8328065332539463
2024-08-24,Logistic Regression,1,1,0.6920123587388224
2024-08-24,Logistic Regression,1,1,0.9296474456483572
2024-08-24,Logistic Regression,0,1,0.5498755281093416
2024-08-24,Logistic Regression,1,1,0.5676905225455665
2024-08-24,Logistic Regression,0,0,0.44588549898042545
2024-08-25,Logistic Regression,0,1,0.7283077926009602
2024-08-25,Logistic Regression,1,1,0.55430327291506
2024-08-25,Logistic Regression,0,0,0.42356873080184054
2024-08-31,Logistic Regression,0,0,0.45845834778790295
2024-08-31,Logistic Regression,1,1,0.7131552104565921
2024-08-31,Logistic Regression,1,1,0.634629707830579
2024-08-31,Logistic Regression,0,0,0.28581917792914624
2024-08-31,Logistic Regression,1,1,0.5119273250481393
2024-08-31,Logistic Regression,0,0,0.3698847088951961
2024-08-31,Logistic Regression,1,1,0.5877781770796976
2024-09-01,Logistic Regression,1,1,0.8613572473577081
2024-09-01,Logistic Regression,1,1,0.7353044798560601
2024-09-01,Logistic Regression,0,1,0.5555169343711881
2024-09-14,Logistic Regression,1,1,0.5850603440556011
2024-09-14,Logistic Regression,0,0,0.05478507331717554
2024-09-14,Logistic Regression,1,1,0.5355578485693705
2024-09-14,Logistic Regression,0,0,0.33081033659947384
2024-09-14,Logistic Regression,0,0,0.37070641965747236
2024-09-14,Logistic Regression,1,0,0.38275965019634434
2024-09-14,Logistic Regression,1,0,0.4080446481707237
2024-09-14,Logistic Regression,0,0,0.28348347551319614
2024-09-15,Logistic Regression,0,1,0.5702775261380179
2024-09-15,Logistic Regression,1,0,0.4679026513845766
2024-09-21,Logistic Regression,1,1,0.8320391494063537
2024-09-21,Logistic Regression,0,0,0.3156781212247049
2024-09-21,Logistic Regression,0,0,0.4346339434179464
2024-09-21,Logistic Regression,1,1,0.6511194199804595
2024-09-21,Logistic Regression,1,0,0.41292458152441464
2024-09-21,Logistic Regression,1,1,0.5220375347905133
2024-09-21,Logistic Regression,1,0,0.45742816468522524
2024-09-21,Logistic Regression,0,0,0.25737931914607765
2024-09-22,Logistic Regression,1,0,0.4794033138938905
2024-09-22,Logistic Regression,1,0,0.47524954416915116
