Date,Bankroll,Outcome,Stake,CumulativeProfit
2020-12-06,976.7605202742088,Lose,23.239479725791217,-23.23947972579117
2020-12-06,997.2313008699437,Win,28.431639716298395,-2.7686991300563477
2020-12-06,1018.0786672986202,Win,20.84736642867656,18.07866729862019
2020-12-06,1045.8290423099083,Win,23.125312509406832,45.829042309908345
2020-12-07,1054.1335480052414,Win,9.227228550370027,54.13354800524144
2020-12-11,1060.0312171452424,Win,10.34678796491386,60.03121714524241
2020-12-13,1038.2206227480417,Lose,21.81059439720077,38.220622748041706
2020-12-13,1049.5784172947197,Win,11.245341135324693,49.57841729471966
2020-12-13,1073.6581881638035,Win,26.75530096564885,73.65818816380352
2020-12-15,1050.3068921431711,Lose,23.351296020632347,50.306892143171126
2020-12-15,1076.5974549139394,Win,26.290562770768304,76.59745491393937
2020-12-16,1108.541725285407,Win,48.40040965373879,108.54172528540698
2020-12-16,1063.5899610980243,Lose,44.951764187382715,63.58996109802433
2020-12-17,1042.5964641161202,Lose,20.993496981904226,42.59646411612016
2020-12-17,1061.688407751985,Win,23.864929544831213,61.688407751985096
2020-12-19,1067.4543827745954,Win,7.207468778262864,67.45438277459539
2020-12-19,1052.5638636729311,Lose,14.890519101664168,52.56386367293112
2020-12-19,1020.1300961109098,Lose,32.43376756202134,20.13009611090979
2020-12-20,1033.9289250426632,Win,27.597657863506722,33.928925042663195
2020-12-20,987.8529425457613,Lose,46.07598249690196,-12.147057454238734
2020-12-20,999.9193493012351,Win,16.75889827149149,-0.08065069876488451
2020-12-21,1013.8418941313773,Win,24.425517245863517,13.84189413137733
2020-12-26,1020.362426605086,Win,9.879594657134277,20.362426605085943
2020-12-26,1028.3849066368969,Win,11.142333377515206,28.384906636896858
2020-12-26,992.2410529567014,Lose,36.14385368019546,-7.758947043298576
2020-12-26,997.7136681551929,Win,5.760647577359391,-2.286331844807137
2020-12-27,982.3899468809635,Lose,15.323721274229346,-17.61005311903648
2020-12-27,996.0635984439898,Win,13.81176925558212,-3.936401556010196
2020-12-28,980.9103774443869,Lose,15.153220999602949,-19.08962255561312
2020-12-29,995.5156891213379,Win,25.623353819212408,-4.484310878662086
2020-12-29,976.5062005753397,Lose,19.00948854599827,-23.493799424660324
2021-01-01,988.3189056056273,Win,22.288122698655904,-11.681094394372735
2021-01-02,1004.2748840281911,Win,36.263587324008704,4.274884028191082
2021-01-02,1040.4364497605889,Win,24.107710488265234,40.43644976058886
2021-01-02,1059.6549114144693,Win,21.353846282089467,59.654911414469325
2021-01-03,1081.0027463340932,Win,23.719816577359882,81.00274633409322
2021-01-03,1096.3088956617546,Win,21.258540732862894,96.3088956617546
2021-01-04,1065.7847533531294,Lose,30.524142308625102,65.78475335312942
2021-01-12,1042.3488297257625,Lose,23.43592362736686,42.34882972576247
2021-01-12,1053.1070006978896,Win,7.852679541698553,53.10700069788959
2021-01-13,1021.7414227241421,Lose,31.36557797374746,21.741422724142126
2021-01-16,1009.1665101502163,Lose,12.57491257392588,9.166510150216254
2021-01-16,1043.0189527535974,Win,26.04034046413943,43.01895275359743
2021-01-17,1059.1572215223737,Win,32.276537537552564,59.157221522373675
2021-01-17,1077.5718078204611,Win,18.41458629808734,77.57180782046112
2021-01-17,1036.1580098419463,Lose,41.413797978514744,36.158009841946296
2021-01-19,1022.533135289352,Lose,13.62487455259431,22.533135289352003
2021-01-19,1048.7087021850168,Win,29.08396321740533,48.70870218501682
2021-01-20,1018.2494353518514,Lose,30.459266833165483,18.24943535185139
2021-01-26,1031.6430055275584,Win,16.741962719633737,31.643005527558444
2021-01-26,1072.1820404265516,Win,33.78252908249429,72.18204042655157
2021-01-27,1103.215834613021,Win,47.02090028252938,103.21583461302089
2021-01-27,1080.267115837906,Lose,22.94871877511483,80.26711583790598
2021-01-27,1111.0513049987194,Win,34.204654623125975,111.05130499871939
2021-01-28,1147.0556151133992,Win,45.00538764334971,147.0556151133992
2021-01-30,1141.9069925236888,Lose,5.148622589710444,141.9069925236888
2021-01-30,1135.5975460809923,Lose,6.309446442696498,135.5975460809923
2021-01-30,1112.9960433827248,Lose,22.601502698267574,112.99604338272479
2021-01-31,1125.8391343121586,Win,19.459228680960383,125.83913431215865
2021-01-31,1096.3161626452238,Lose,29.52297166693473,96.31616264522381
2021-02-02,1109.1617244931895,Win,24.236909147105223,109.16172449318947
2021-02-02,1116.500524099377,Win,5.645230466298022,116.50052409937689
2021-02-03,1129.5033693165717,Win,18.059507246103934,129.5033693165717
2021-02-03,1105.0362089845526,Lose,24.467160332019084,105.03620898455256
2021-02-03,1083.7029272503185,Lose,21.333281734234124,83.70292725031845
2021-02-03,1066.4927794979913,Lose,17.210147752327288,66.49277949799125
2021-02-06,1075.0168488150402,Win,8.524069317048887,75.01684881504025
2021-02-06,1096.3287413397056,Win,32.29074624949313,96.32874133970563
2021-02-06,1086.9186246999004,Lose,9.410116639805294,86.91862469990042
2021-02-07,1109.0197454191955,Win,24.556800799216713,109.01974541919549
2021-02-07,1117.5104505418287,Win,11.79264600365731,117.51045054182873
2021-02-13,1143.496480415844,Win,42.600048973795474,143.49648041584396
2021-02-13,1173.518284063185,Win,20.014535764894074,173.5182840631851
2021-02-14,1188.454173790717,Win,26.203315311459463,188.45417379071705
2021-02-15,1198.5530220660194,Win,10.098848275302217,198.55302206601937
2021-02-17,1185.3578353194723,Lose,13.19518674654704,185.35783531947231
2021-02-19,1176.806315786392,Lose,8.551519533080375,176.8063157863919
2021-02-20,1151.939893624,Lose,24.866422162391874,151.93989362399998
2021-02-20,1139.0768762237924,Lose,12.863017400207562,139.0768762237924
2021-02-21,1161.7529830913506,Win,25.19567429728697,161.75298309135064
2021-02-21,1137.0845628400534,Lose,24.668420251297324,137.08456284005342
2021-02-21,1151.887429573456,Win,20.55953712972575,151.88742957345607
2021-02-21,1166.0429050612147,Win,24.834167522383737,166.0429050612147
2021-02-27,1189.2779016691952,Win,43.839616241472825,189.27790166919522
2021-02-28,1205.1140514715926,Win,17.40236242021683,205.11405147159257
2021-02-28,1186.973422147885,Lose,18.140629323707625,186.973422147885
2021-02-28,1213.1807567782075,Win,25.693465323845714,213.18075677820752
2021-03-02,1251.8195456761896,Win,53.66498458053079,251.8195456761896
2021-03-03,1217.555358384237,Lose,34.264187291952474,217.55535838423702
2021-03-04,1184.6313435701381,Lose,32.92401481409886,184.63134357013814
2021-03-06,1229.5695266794248,Win,37.448485924405574,229.56952667942483
2021-03-06,1219.5339958549162,Lose,10.03553082450858,219.53399585491616
2021-03-07,1168.2109163844125,Lose,51.323079470503785,168.21091638441249
2021-03-07,1188.992035360308,Win,23.09013219543943,188.9920353603079
2021-03-08,1180.7625895222066,Lose,8.229445838101269,180.76258952220655
2021-03-08,1140.9216059453827,Lose,39.84098357682398,140.92160594538268
2021-03-10,1155.1168789800029,Win,26.783534027585183,155.11687898000287
2021-03-12,1139.9149316936407,Lose,15.201947286362222,139.9149316936407
2021-03-13,1155.58666917754,Win,19.58967185487407,155.58666917754
2021-03-13,1126.810746014637,Lose,28.775923162903013,126.81074601463706
2021-03-14,1156.9482843973271,Win,23.182721832838574,156.94828439732714
2021-03-14,1148.8939768297728,Lose,8.054307567554426,148.89397682977278
2021-03-14,1173.1376364532841,Win,26.93739958167923,173.13763645328413
2021-03-14,1213.1210493877356,Win,44.4260143716127,213.12104938773564
2021-03-15,1205.5878484045302,Lose,7.5332009832054485,205.58784840453018
2021-03-19,1247.7254353802439,Win,42.13758697571373,247.72543538024388
2021-03-20,1264.4059495393255,Win,12.8311647377552,264.40594953932555
2021-03-21,1245.1050346044835,Lose,19.300914934841927,245.10503460448354
2021-03-21,1290.2026572201723,Win,50.10846957298749,290.20265722017234
2021-04-03,1320.816912379625,Win,42.5197988325731,320.8169123796249
2021-04-03,1367.6679460386044,Win,65.07088008191609,367.66794603860444
2021-04-03,1313.3189242569504,Lose,54.349021781654145,313.31892425695037
2021-04-04,1355.0151958887752,Win,46.32919070202758,355.0151958887752
2021-04-04,1391.9164464371572,Win,41.001389498202315,391.9164464371572
2021-04-04,1410.8915063389934,Win,15.812549918196817,410.8915063389934
2021-04-05,1438.4755589134636,Win,18.389368382980102,438.4755589134636
2021-04-10,1471.5909154194546,Win,30.10486955090086,471.59091541945463
2021-04-10,1494.9738795692017,Win,53.14310034033414,494.9738795692017
2021-04-11,1535.1948451229382,Win,26.813977035824294,535.1948451229382
2021-04-11,1589.9940195170934,Win,54.79917439415521,589.9940195170934
2021-04-11,1642.9859977268752,Win,58.87997578864639,642.9859977268752
2021-04-11,1701.1359655106246,Win,64.61107531527705,701.1359655106246
2021-04-12,1650.4125900942483,Lose,50.723375416376285,650.4125900942483
2021-04-17,1704.3531641462457,Win,59.93397116888602,704.3531641462457
2021-04-18,1727.925449636865,Win,32.739285403637936,727.9254496368651
2021-04-18,1697.0051639459014,Lose,30.920285690963734,697.0051639459014
2021-04-19,1623.25514905343,Lose,73.7500148924715,623.2551490534299
2021-04-20,1575.914548805025,Lose,47.340600248404904,575.9145488050251
2021-04-21,1624.6360082979736,Win,67.66869374020624,624.6360082979736
2021-04-21,1640.6152072338912,Win,24.21090747866282,640.6152072338912
2021-04-22,1659.4011699981736,Win,20.8732919603139,659.4011699981736
2021-04-23,1640.7405250690108,Lose,18.66064492916278,640.7405250690108
2021-04-24,1583.3877767986125,Lose,57.352748270398166,583.3877767986125
2021-04-25,1607.6791642301246,Win,26.990430479457746,607.6791642301246
2021-04-25,1544.9692327670025,Lose,62.709931463121976,544.9692327670025
2021-04-26,1573.7487734812073,Win,28.779540714204888,573.7487734812073
2021-05-01,1563.7947254957062,Lose,9.954047985501104,563.7947254957062
2021-05-02,1603.846526595104,Win,55.62750152694132,603.846526595104
2021-05-03,1550.6042791682682,Lose,53.24224742683583,550.6042791682682
2021-05-07,1576.8626863571449,Win,36.47000998455075,576.8626863571449
2021-05-08,1613.8700238001038,Win,30.839447869132478,613.8700238001038
2021-05-08,1651.529302456336,Win,57.05951311550336,651.5293024563359
2021-05-09,1663.7842772968274,Win,17.020798389571567,663.7842772968274
2021-05-09,1726.8085328302468,Win,48.48019656416878,726.8085328302468
2021-05-09,1756.020070712803,Win,40.57158039243922,756.0200707128031
2021-05-11,1811.2513855771085,Win,61.36812762700606,811.2513855771085
2021-05-12,1759.413840497351,Lose,51.837545079757504,759.413840497351
2021-05-13,1806.5329203268248,Win,65.44316642982467,806.5329203268248
2021-05-14,1833.2430136606072,Win,50.396402516570646,833.2430136606072
2021-05-15,1810.3937939988916,Lose,22.849219661715615,810.3937939988916
2021-05-16,1798.354662382588,Lose,12.039131616303656,798.354662382588
2021-05-16,1826.2548433227882,Win,31.00020104466691,826.2548433227882
2021-05-18,1856.1291202913299,Win,27.158433607765033,856.1291202913299
2021-05-18,1891.6397082980973,Win,49.320261120510416,891.6397082980973
2021-05-19,1905.8964182158356,Win,25.01177178550595,905.8964182158356
2021-05-19,1930.7755223241004,Win,46.94170586465063,930.7755223241004
2021-05-19,1880.2131452083445,Lose,50.562377115755865,880.2131452083445
2021-05-19,1893.509341001157,Win,18.466938601128643,893.509341001157
2021-05-23,1901.9081142994296,Win,13.768480816840317,901.9081142994296
2021-05-23,1946.61988243464,Win,78.4416984828252,946.61988243464
2021-05-23,1975.6703818890398,Win,72.6262486359999,975.6703818890398
2021-08-13,1963.553059940599,Lose,12.117321948440726,963.553059940599
2021-08-14,1977.5092452931044,Win,17.44523169063168,977.5092452931044
2021-08-14,1999.4664411128776,Win,41.42867135806275,999.4664411128776
2021-08-14,2043.505870652131,Win,72.19578612992369,1043.505870652131
2021-08-14,2081.493140578201,Win,37.98726992606997,1081.4931405782008
2021-08-15,2024.0042288967934,Lose,57.48891168140736,1024.0042288967934
2021-08-15,2098.7052841803893,Win,75.45561139757181,1098.7052841803893
2021-08-21,2119.8169354213574,Win,63.97470073020557,1119.8169354213574
2021-08-21,2094.694887009996,Lose,25.12204841136146,1094.694887009996
2021-08-21,2110.78094891874,Win,22.341752651033158,1110.7809489187398
2021-08-22,2055.624336004341,Lose,55.15661291439903,1055.6243360043409
2021-08-22,1999.3479069293026,Lose,56.2764290750383,999.3479069293026
2021-08-23,2044.7258392011204,Win,56.72241533977241,1044.7258392011204
2021-08-28,2117.490121955455,Win,80.84920306037188,1117.490121955455
2021-08-28,2082.180906557193,Lose,35.309215398262005,1082.1809065571929
2021-08-28,2097.330917729828,Win,26.578966969534907,1097.330917729828
2021-08-28,2126.057529221814,Win,33.79601351998373,1126.057529221814
2021-08-28,2046.6659801043252,Lose,79.39154911748898,1046.6659801043252
2021-08-28,1987.3138960563585,Lose,59.352084047966656,987.3138960563585
2021-09-11,1976.025187186032,Lose,11.288708870326545,976.0251871860321
2021-09-11,1992.6852626673992,Win,15.145523164879274,992.6852626673992
2021-09-11,2016.6811751198297,Win,29.994890565538213,1016.6811751198297
2021-09-11,1988.3295076457298,Lose,28.351667474099862,988.3295076457298
2021-09-11,1917.6423444364787,Lose,70.68716320925112,917.6423444364787
2021-09-12,1964.2273304885166,Win,81.72804570532992,964.2273304885166
2021-09-13,1992.6614945413949,Win,28.434164052878188,992.6614945413949
2021-09-18,1967.1713504658355,Lose,25.490144075559222,967.1713504658355
2021-09-18,1979.0493195605254,Win,23.755938189379812,979.0493195605254
2021-09-18,1970.5253812469923,Lose,8.523938313533007,970.5253812469923
2021-09-19,2050.215596834615,Win,72.44565053420244,1050.215596834615
2021-09-19,2096.19649037319,Win,45.98089353857499,1096.19649037319
2021-09-25,2117.0349397448504,Win,28.94229079397236,1117.0349397448504
2021-09-25,2061.1014292060677,Lose,55.933510538782855,1061.1014292060677
2021-09-25,2088.27350305292,Win,47.6703049944781,1088.2735030529202
2021-09-25,2130.0050881620928,Win,46.36842789908064,1130.0050881620928
2021-09-25,2111.7835665999132,Lose,18.22152156217956,1111.7835665999132
2021-09-25,2097.4462348128086,Lose,14.33733178710464,1097.4462348128086
2021-09-26,2079.6544397412295,Lose,17.79179507157911,1079.6544397412295
2021-09-26,2130.957315793013,Win,51.30287605178375,1130.957315793013
2021-09-27,2114.727476878033,Lose,16.229838914980256,1114.727476878033
2021-10-02,2171.4259201887817,Win,70.87305413843573,1171.4259201887817
2021-10-02,2143.0411965845346,Lose,28.384723604247036,1143.0411965845346
2021-10-02,2120.468832607071,Lose,22.572363977463663,1120.468832607071
2021-10-03,2172.7700266782967,Win,58.11243785691785,1172.7700266782967
2021-10-03,2211.1489487371578,Win,42.64324673206769,1211.1489487371578
2021-10-03,2265.2846596936115,Win,75.18848743951916,1265.2846596936115
2021-10-03,2294.653998001609,Win,29.36933830799762,1294.6539980016091
2021-10-16,2306.374867032599,Win,20.56292812454338,1306.374867032599
2021-10-16,2271.7146219036213,Lose,34.6602451289776,1271.7146219036213
2021-10-16,2315.714333547793,Win,39.9997378583382,1315.714333547793
2021-10-17,2375.5344501424943,Win,74.77514574337674,1375.5344501424943
2021-10-18,2443.1420137452133,Win,69.69851917806082,1443.1420137452133
2021-10-22,2460.011904175665,Win,23.430403375627435,1460.0119041756652
2021-10-23,2537.9560864736077,Win,118.09724590597355,1537.9560864736077
2021-10-23,2554.0981046824613,Win,17.935575787614965,1554.0981046824613
2021-10-23,2653.208079649602,Win,99.10997496714083,1653.208079649602
2021-10-23,2718.0288392730195,Win,81.02594952927198,1718.0288392730195
2021-10-23,2674.8851688407085,Lose,43.14367043231096,1674.8851688407085
2021-10-24,2713.2416732018837,Win,72.37076294561398,1713.2416732018837
2021-10-24,2691.492126936808,Lose,21.74954626507599,1691.4921269368078
2021-10-30,2728.8376445336157,Win,70.46324074869455,1728.8376445336157
2021-10-30,2645.9327240803946,Lose,82.9049204532213,1645.9327240803946
2021-10-30,2710.0625514268154,Win,89.06920464780654,1710.0625514268154
2021-10-30,2727.77274065593,Win,14.758491024262412,1727.7727406559302
2021-10-31,2788.334179777064,Win,75.70179890141755,1788.334179777064
2021-11-06,2730.933788873597,Lose,57.40039090346698,1730.9337888735972
2021-11-06,2684.4929404281484,Lose,46.440848445448665,1684.4929404281484
2021-11-06,2668.1466024898696,Lose,16.346337938278836,1668.1466024898696
2021-11-06,2710.8423885021207,Win,42.69578601225108,1710.8423885021207
2021-11-06,2613.4375788561265,Lose,97.40480964599419,1613.4375788561265
2021-11-07,2624.900494468289,Win,22.925831224324725,1624.9004944682888
2021-11-07,2579.0982705993183,Lose,45.80222386897055,1579.0982705993183
2021-11-07,2534.100485095512,Lose,44.99778550380653,1534.1004850955119
2021-11-20,2566.2788992074175,Win,64.35682822381074,1566.2788992074175
2021-11-20,2623.9420425086464,Win,57.66314330122884,1623.9420425086464
2021-11-20,2668.203334374776,Win,42.97212802536896,1668.2033343747762
2021-11-20,2636.9089409348753,Lose,31.29439343990111,1636.9089409348753
2021-11-20,2667.362608052759,Win,25.37805593156949,1667.3626080527588
2021-11-21,2741.033369139489,Win,102.32050150934742,1741.033369139489
2021-11-21,2767.9528671652924,Win,53.83899605160695,1767.9528671652924
2021-11-27,2797.250512370408,Win,73.24411301278971,1797.2505123704082
2021-11-27,2892.807942504716,Win,89.30600947131556,1892.8079425047158
2021-11-28,2837.8808581066087,Lose,54.927084398106985,1837.8808581066087
2021-11-28,2923.624839949714,Win,129.91512400470495,1923.624839949714
2021-11-28,2961.4185831716545,Win,75.58748644388072,1961.4185831716545
2021-12-01,2984.546104070788,Win,37.913968687104045,1984.5461040707878
2021-12-01,2945.497419783879,Lose,39.04868428690852,1945.4974197838792
2021-12-01,2968.30161888684,Win,31.672498754112297,1968.30161888684
2021-12-02,2894.874141306405,Lose,73.42747758043512,1894.874141306405
2021-12-04,2809.0313689353047,Lose,85.84277237110035,1809.0313689353047
2021-12-04,2863.9729788899017,Win,54.941609954596885,1863.9729788899017
2021-12-04,2908.943622341919,Win,102.20600784549396,1908.9436223419189
2021-12-04,2882.2373491509475,Lose,26.706273190971405,1882.2373491509475
2021-12-05,2971.046011759034,Win,102.07892253803084,1971.0460117590342
2021-12-05,3054.1213932627684,Win,86.53685573305637,2054.1213932627684
2021-12-10,3072.662014307955,Win,18.357050539788656,2072.662014307955
2021-12-11,2964.2607168391314,Lose,108.40129746882351,1964.2607168391314
2021-12-11,2857.653246531222,Lose,106.60747030790952,1857.653246531222
2021-12-11,2929.7119602336193,Win,90.07339212799661,1929.7119602336193
2021-12-12,2998.2000789663102,Win,52.683168255916144,1998.2000789663102
2021-12-12,3012.5012010013115,Win,25.08968778070371,2012.5012010013115
2021-12-14,3049.238208301376,Win,102.04724250017821,2049.238208301376
2021-12-15,2954.7326033464033,Lose,94.50560495497237,1954.7326033464033
2021-12-15,2984.9199796309476,Win,27.443069349585727,1984.9199796309476
2021-12-15,2859.1882421170767,Lose,125.73173751387115,1859.1882421170767
2021-12-16,2823.1689550478713,Lose,36.019287069205554,1823.1689550478713
2021-12-18,2874.5700951618433,Win,71.39047238051657,1874.5700951618433
2021-12-19,2952.1674429543814,Win,117.57173907960292,1952.1674429543814
2021-12-19,3017.7134535513546,Win,83.02254797424041,2017.7134535513546
2021-12-19,2926.7168009705433,Lose,90.99665258081143,1926.7168009705433
2021-12-26,3004.893831567192,Win,82.29161115436705,2004.8938315671921
2021-12-26,3045.5189944820954,Win,112.84767476361984,2045.5189944820954
2021-12-26,3063.250291783313,Win,16.886949810683554,2063.250291783313
2021-12-28,3102.8849086358905,Win,33.02884737714802,2102.8849086358905
2021-12-28,2967.310670146635,Lose,135.5742384892556,1967.310670146635
2021-12-29,2889.1621863971363,Lose,78.1484837494986,1889.1621863971363
2022-01-01,2993.338482311324,Win,119.74286886688226,1993.3384823113238
2022-01-01,3044.246069328493,Win,89.31155617047206,2044.246069328493
2022-01-02,3110.9078599026984,Win,66.6617905742057,2110.9078599026984
2022-01-02,3177.6058448886038,Win,55.581654154921196,2177.6058448886038
2022-01-11,3261.7600298414964,Win,79.39074052159673,2261.7600298414964
2022-01-12,3212.9641659800545,Lose,48.7958638614418,2212.9641659800545
2022-01-15,3250.5932631030114,Win,42.27988440781694,2250.5932631030114
2022-01-15,3298.682264551986,Win,32.0593342993165,2298.682264551986
2022-01-15,3189.044594564635,Lose,109.63766998735088,2189.044594564635
2022-01-16,3241.200307186055,Win,85.50116823183566,2241.200307186055
2022-01-16,3318.871998592312,Win,117.68438091857156,2318.871998592312
2022-01-18,3260.44200174057,Lose,58.4299968517422,2260.44200174057
2022-01-19,3360.4224597735956,Win,138.86174726809134,2360.4224597735956
2022-01-19,3416.5333022371465,Win,60.334239208119065,2416.5333022371465
2022-01-21,3454.7239018264613,Win,40.62829743544147,2454.7239018264613
2022-01-22,3400.6902635379083,Lose,54.03363828855314,2400.6902635379083
2022-01-22,3515.5990332901442,Win,76.60584650149063,2515.5990332901442
2022-01-23,3393.376260836532,Lose,122.22277245361252,2393.376260836532
2022-01-23,3408.257203708791,Win,20.667976211471306,2408.257203708791
2022-01-23,3366.9631191595627,Lose,41.29408454922868,2366.9631191595627
2022-02-08,3331.036853436532,Lose,35.92626572303054,2331.036853436532
2022-02-09,3453.724207478811,Win,153.3591925528486,2453.724207478811
2022-02-10,3391.5560018349443,Lose,62.168205643866784,2391.5560018349443
2022-02-10,3334.4140865066597,Lose,57.141915328284554,2334.4140865066597
2022-02-12,3240.7110845989955,Lose,93.70300190766426,2240.7110845989955
2022-02-12,3277.9280329034846,Win,84.58397341929339,2277.9280329034846
2022-02-13,3352.7669786443203,Win,113.39234203156896,2352.7669786443203
2022-02-13,3321.9946071700915,Lose,30.77237147422891,2321.9946071700915
2022-02-13,3262.6135282972423,Lose,59.38107887284906,2262.6135282972423
2022-02-15,3176.2699697117932,Lose,86.34355858544923,2176.2699697117932
2022-02-19,3146.778182069096,Lose,29.491787642697304,2146.778182069096
2022-02-19,3179.74976631268,Win,33.99132396245755,2179.74976631268
2022-02-19,3055.0054353435335,Lose,124.7443309691467,2055.0054353435335
2022-02-19,3003.8287086685764,Lose,51.1767266749573,2003.8287086685764
2022-02-19,3070.060611472301,Win,116.1963207082886,2070.060611472301
2022-02-19,3110.2541152760396,Win,111.64862167705165,2110.2541152760396
2022-02-20,3177.9389466754506,Win,110.95873999903444,2177.9389466754506
2022-02-23,3216.475213453103,Win,137.62952420590204,2216.475213453103
2022-02-23,3198.1255777951183,Lose,18.349635657984816,2198.1255777951183
2022-02-24,3295.46843333843,Win,81.11904628609311,2295.46843333843
2022-02-26,3271.9663580771494,Lose,23.50207526128021,2271.9663580771494
2022-02-26,3173.429671914319,Lose,98.53668616283029,2173.429671914319
2022-02-26,3226.4474452918685,Win,86.9143825861469,2226.4474452918685
2022-02-26,3199.604133040879,Lose,26.843312250989488,2199.604133040879
2022-02-27,3160.4981114796988,Lose,39.10602156118033,2160.4981114796988
2022-03-01,3086.647110522391,Lose,73.85100095730795,2086.647110522391
2022-03-05,3146.860247994261,Win,46.31779805528485,2146.860247994261
2022-03-05,3034.4792950676488,Lose,112.38095292661238,2034.4792950676488
2022-03-05,3107.135943600069,Win,66.05149866583649,2107.135943600069
2022-03-05,3179.714521360397,Win,55.82967520025236,2179.714521360397
2022-03-05,3124.277530322731,Lose,55.43699103766649,2124.277530322731
2022-03-06,3193.942215350483,Win,114.20440168483977,2193.942215350483
2022-03-10,3282.58537675118,Win,110.80395175087129,2282.58537675118
2022-03-10,3383.064213046771,Win,139.55393929943193,2383.064213046771
2022-03-10,3485.8591390717165,Win,79.07302001918907,2485.8591390717165
2022-03-12,3448.2873224966797,Lose,37.571816575036955,2448.2873224966797
2022-03-12,3531.519769706896,Win,115.60062112530085,2531.519769706896
2022-03-13,3638.967166420107,Win,106.38356110218905,2638.967166420107
2022-03-13,3612.8385815497877,Lose,26.128584870319273,2612.8385815497877
2022-03-13,3576.0545211189706,Lose,36.784060430817156,2576.0545211189706
2022-03-16,3459.547637327375,Lose,116.50688379159551,2459.547637327375
2022-03-18,3531.5946570041033,Win,72.77476735023049,2531.5946570041033
2022-03-20,3558.893336820235,Win,37.9148330779609,2558.893336820235
2022-03-20,3612.7856724306585,Win,59.22234682464092,2612.7856724306585
2022-04-02,3529.5406847853906,Lose,83.24498764526808,2529.5406847853906
2022-04-02,3550.5323553300527,Win,15.322387258877615,2550.5323553300527
2022-04-02,3416.4974611617554,Lose,134.03489416829711,2416.4974611617554
2022-04-02,3433.7224912747656,Win,18.928604519791246,2433.7224912747656
2022-04-03,3549.958273110976,Win,145.29472729526262,2549.958273110976
2022-04-08,3458.9279557609357,Lose,91.03031735004018,2458.9279557609357
2022-04-09,3512.0859389111592,Win,51.11344533675323,2512.0859389111592
2022-04-09,3619.3429443634172,Win,112.9021110023768,2619.3429443634172
2022-04-09,3650.5104270010215,Win,36.241258880935014,2650.5104270010215
2022-04-09,3623.5102028346414,Lose,27.00022416638023,2623.5102028346414
2022-04-10,3679.1641653186307,Win,56.216123721201534,2679.1641653186307
2022-04-10,3622.38025689968,Lose,56.78390841895066,2622.38025689968
2022-04-10,3706.720600467013,Win,117.13936606574053,2706.720600467013
2022-04-16,3728.346955066769,Win,43.252709199512296,2728.346955066769
2022-04-16,3691.6669396996067,Lose,36.68001536716248,2691.6669396996067
2022-04-16,3638.5721775216734,Lose,53.094762177933085,2638.5721775216734
2022-04-17,3574.4701503173947,Lose,64.10202720427891,2574.4701503173947
2022-04-17,3700.976223636614,Win,127.78391244365592,2700.976223636614
2022-04-19,3774.8508218397433,Win,147.7491964062585,2774.8508218397433
2022-04-20,3704.2463708950722,Lose,70.60445094467116,2704.2463708950722
2022-04-20,3665.9790800594533,Lose,38.267290835618915,2665.9790800594533
2022-04-20,3730.4622416364587,Win,105.71010094591064,2730.4622416364587
2022-04-20,3847.8627326864607,Win,106.72771913636544,2847.8627326864607
2022-04-21,3819.5526432945103,Lose,28.310089391950353,2819.5526432945103
2022-04-23,3728.2583653373363,Lose,91.29427795717386,2728.2583653373363
2022-04-23,3786.8775880203852,Win,162.8311741195807,2786.8775880203852
2022-04-23,3704.1617914782228,Lose,82.71579654216237,2704.1617914782228
2022-04-23,3756.238408360931,Win,64.29211960828181,2756.238408360931
2022-04-24,3696.5553365870933,Lose,59.68307177383769,2696.5553365870933
2022-04-24,3655.882900099877,Lose,40.67243648721627,2655.882900099877
2022-04-28,3576.567747320236,Lose,79.31515277964135,2576.567747320236
2022-04-30,3475.872207145764,Lose,100.69554017447189,2475.872207145764
2022-04-30,3667.6953950848406,Win,127.88212529271765,2667.6953950848406
2022-04-30,3689.257175166664,Win,43.12356016364677,2689.257175166664
2022-05-01,3814.1116066128848,Win,140.28587802946137,2814.1116066128848
2022-05-01,3906.5175009409418,Win,162.11560408431046,2906.5175009409418
2022-05-01,3886.4873342311566,Lose,20.030166709785284,2886.4873342311566
2022-05-02,3925.6172386312664,Win,54.34708944459691,2925.6172386312664
2022-05-07,3871.829412533393,Lose,53.78782609787303,2871.829412533393
2022-05-07,3698.389878488533,Lose,173.43953404486012,2698.389878488533
2022-05-07,3795.871122863968,Win,102.61183618466842,2795.871122863968
2022-05-07,3915.6402792561244,Win,111.93379102070679,2915.6402792561244
2022-05-07,4003.026808977078,Win,93.96401045263849,3003.026808977078
2022-05-08,4076.868809877175,Win,147.6840018001943,3076.868809877175
2022-05-08,4132.04581919323,Win,90.45411363287762,3132.0458191932303
2022-05-08,4190.790770281239,Win,58.16331790891967,3190.790770281239
2022-05-10,4262.148532209071,Win,116.97993758661073,3262.148532209071
2022-05-11,4343.411895063736,Win,123.1263073555527,3343.4118950637358
2022-05-11,4390.403027311077,Win,77.03464302842715,3390.4030273110766
2022-05-12,4509.2979275476055,Win,148.61862529566156,3509.2979275476055
2022-05-15,4401.508315088902,Lose,107.7896124587028,3401.5083150889022
2022-05-15,4456.953379292344,Win,104.61332868573913,3456.953379292344
2022-05-15,4356.9230614147555,Lose,100.03031787758884,3356.9230614147555
2022-05-15,4493.776951729483,Win,190.07484765934385,3493.776951729483
2022-05-15,4547.639520746315,Win,52.29375632702094,3547.6395207463147
2022-05-16,4505.772720617617,Lose,41.866800128697896,3505.772720617617
2022-05-19,4627.11252375698,Win,121.33980313936387,3627.1125237569804
2022-05-19,4562.938692898742,Lose,64.17383085823833,3562.9386928987424
2022-05-22,4592.115421756544,Win,51.187243610178214,3592.1154217565436
2022-05-22,4672.803878616989,Win,141.55869624639615,3672.803878616989
2022-05-22,4709.313422561915,Win,82.97623623846778,3709.313422561915
2022-05-22,4794.148776567731,Win,90.25037660193192,3794.148776567731
2022-05-22,4860.493429208068,Win,150.7833014553107,3860.493429208068
2022-08-05,4712.963124738762,Lose,147.53030446930597,3712.9631247387624
2022-08-06,4645.27630962426,Lose,67.68681511450255,3645.2763096242597
2022-08-06,4468.025163660236,Lose,177.25114596402338,3468.025163660236
2022-08-06,4590.720585232434,Win,201.14003536425935,3590.720585232434
2022-08-06,4629.749871084037,Win,37.17074843009784,3629.7498710840373
2022-08-06,4518.306099180808,Lose,111.443771903229,3518.306099180808
2022-08-07,4592.030523527497,Win,102.39503381484644,3592.0305235274973
2022-08-07,4715.0627846478255,Win,133.73071860905267,3715.0627846478255
2022-08-07,4640.0489402785315,Lose,75.01384436929435,3640.0489402785315
2022-08-13,4665.395968964889,Win,38.40458891872319,3665.395968964889
2022-08-13,4729.070312381004,Win,192.95255580640972,3729.0703123810044
2022-08-13,4654.295894630287,Lose,74.77441775071729,3654.295894630287
2022-08-13,4726.819657044456,Win,90.6547030177118,3726.819657044456
2022-08-14,4759.515446096273,Win,33.363050052874534,3759.515446096273
2022-08-14,4678.861418886986,Lose,80.65402720928739,3678.861418886986
2022-08-15,4563.869693860385,Lose,114.9917250266006,3563.8696938603853
2022-08-20,4643.446075985593,Win,110.52275295167748,3643.446075985593
2022-08-20,4834.559705587862,Win,159.26135800189027,3834.5597055878616
2022-08-21,4966.899728771675,Win,200.51518664214146,3966.8997287716747
2022-08-22,5023.859993732786,Win,113.9205299222229,4023.8599937327863
2022-08-27,5102.185658738285,Win,178.01287501249794,4102.185658738285
2022-08-27,5165.734520620658,Win,176.52461633992385,4165.734520620658
2022-08-27,5087.721849687036,Lose,78.01267093362156,4087.7218496870364
2022-08-27,5114.307447894866,Win,43.58294788168656,4114.307447894866
2022-08-27,5175.3177644904545,Win,122.02063319117731,4175.3177644904545
2022-08-28,5059.520844750043,Lose,115.79691974041152,4059.5208447500427
2022-08-30,5126.740674603149,Win,93.36087479598179,4126.740674603149
2022-08-31,5229.355531498648,Win,142.5206345770816,4229.355531498648
2022-08-31,5268.788015716382,Win,78.8649684354685,4268.788015716382
2022-08-31,5293.2814095943,Win,111.33360853599484,4293.2814095943
2022-09-01,5222.89800338198,Lose,70.38340621232093,4222.89800338198
2022-09-03,5333.910418992923,Win,154.1839105707545,4333.910418992923
2022-09-03,5377.439003183481,Win,71.35833473861942,4377.439003183481
2022-09-03,5452.041992952511,Win,103.61526356809725,4452.041992952511
2022-09-04,5528.377464443104,Win,115.65980528877776,4528.377464443104
2022-09-04,5743.383607910845,Win,212.8773697700404,4743.383607910845
2022-09-16,5876.796164322501,Win,143.4543617329629,4876.796164322501
2022-09-17,6030.634618119681,Win,269.8920242055795,5030.634618119681
2022-09-17,6109.736879708055,Win,138.7758975234631,5109.736879708055
2022-10-01,6202.042781213431,Win,174.16207831203076,5202.042781213431
2022-10-01,6376.6017129353995,Win,158.68993792906218,5376.6017129353995
2022-10-01,6547.978403337596,Win,238.02318111416264,5547.978403337596
2022-10-02,6661.980411499345,Win,259.0954730948837,5661.980411499345
2022-10-02,6622.627039868955,Lose,39.353371630390455,5622.627039868955
2022-10-03,6653.446709224434,Win,46.696468720423,5653.446709224434
2022-10-08,6831.121225734478,Win,246.77016181950526,5831.121225734478
2022-10-08,6651.726908003637,Lose,179.39431773084144,5651.726908003637
2022-10-08,6694.317727168732,Win,170.36327666038213,5694.317727168732
2022-10-08,6861.973965145225,Win,192.7083195132104,5861.973965145225
2022-10-09,6944.620694304648,Win,93.91673768116289,5944.620694304648
2022-10-09,7101.949007713465,Win,276.01458492774873,6101.949007713465
2022-10-09,7151.626310887685,Win,57.76430601653459,6151.626310887685
2022-10-15,6926.179768918131,Lose,225.44654196955358,5926.179768918131
2022-10-15,7052.20588132275,Win,131.27720042147828,6052.20588132275
2022-10-15,6979.022906011701,Lose,73.18297531104939,5979.022906011701
2022-10-16,6800.279269119985,Lose,178.74363689171602,5800.279269119985
2022-10-16,6711.678524709544,Lose,88.60074441044094,5711.678524709544
2022-10-16,6547.97264282981,Lose,163.70588187973408,5547.97264282981
2022-10-16,6391.403232744298,Lose,156.5694100855112,5391.403232744298
2022-10-18,6294.82056839317,Lose,96.58266435112843,5294.82056839317
2022-10-18,6434.287171617227,Win,92.9777354827046,5434.287171617227
2022-10-19,6191.213039869491,Lose,243.07413174773615,5191.213039869491
2022-10-19,6089.083716425367,Lose,102.1293234441238,5089.083716425367
2022-10-19,6019.081328313119,Lose,70.00238811224796,5019.081328313119
2022-10-19,5857.415197930006,Lose,161.66613038311294,4857.415197930006
2022-10-20,5964.435307103111,Win,107.02010917310469,4964.435307103111
2022-10-22,6066.096981248924,Win,84.7180617881777,5066.096981248924
2022-10-22,6169.256608316273,Win,234.45369788033827,5169.256608316273
2022-10-22,6017.460330944956,Lose,151.79627737131662,5017.460330944956
2022-10-23,6193.75336446249,Win,244.85143544101982,5193.75336446249
2022-10-23,6460.939018178755,Win,290.41918882202714,5460.939018178755
2022-10-23,6591.5723300861,Win,138.97160841206895,5591.5723300861
2022-10-29,6481.501113540082,Lose,110.07121654601792,5481.501113540082
2022-10-29,6394.8197884456795,Lose,86.68132509440264,5394.8197884456795
2022-10-29,6496.391212517851,Win,282.14284464492107,5496.391212517851
2022-10-29,6665.902460952102,Win,154.101134940228,5665.902460952102
2022-10-29,6470.40200870583,Lose,195.50045224627195,5470.40200870583
2022-10-29,6614.776569232025,Win,153.58995800659102,5614.776569232025
2022-10-29,6810.258032918856,Win,203.62652467378143,5810.258032918856
2022-10-30,6907.314055994781,Win,194.1120461518491,5907.314055994781
2022-11-05,7164.089580241268,Win,320.9694053081093,6164.089580241268
2022-11-05,7281.623073678018,Win,114.11018780267034,6281.623073678018
2022-11-05,7351.312759763607,Win,248.89173601995924,6351.312759763607
2022-11-05,7571.082466730256,Win,199.7906426969541,6571.082466730256
2022-11-06,7303.249209450186,Lose,267.83325728007003,6303.249209450186
2022-11-06,7501.009441913397,Win,299.63671585334953,6501.009441913397
2022-11-06,7650.754114020047,Win,157.62597063858004,6650.754114020047
2022-11-06,8002.119746034641,Win,319.4233018314488,7002.119746034641
2022-11-06,8151.54175911504,Win,158.95958838340255,7151.54175911504
2022-11-12,7860.31023781022,Lose,291.2315213048194,6860.31023781022
2022-11-12,7942.664017373194,Win,205.88444890743455,6942.664017373194
2022-11-12,8131.7711619735,Win,310.0117124595188,7131.7711619735
2022-11-12,8256.905229796113,Win,113.75824347510263,7256.905229796113
2022-11-12,8053.123828727989,Lose,203.78140106812404,7053.123828727989
2022-11-13,8198.243324853673,Win,151.16614179758753,7198.243324853673
2022-12-26,8351.383740715275,Win,191.42551982700334,7351.383740715275
2022-12-26,8559.006890235414,Win,309.8852977912528,7559.006890235414
2022-12-26,8668.195189685568,Win,116.15776537250329,7668.195189685568
2022-12-26,8941.88802001498,Win,374.9216853827568,7941.88802001498
2022-12-26,9113.587054900103,Win,199.65004056409646,8113.587054900103
2022-12-27,9303.560648930754,Win,283.5426776576881,8303.560648930754
2022-12-28,9369.139995974212,Win,149.04397055331572,8369.139995974212
2022-12-30,9104.79279402001,Lose,264.34720195420243,8104.79279402001
2022-12-31,9158.003743368303,Win,59.787583537408345,8158.003743368303
2022-12-31,8929.863702772233,Lose,228.1400405960707,7929.8637027722325
2022-12-31,8771.50125765881,Lose,158.36244511342215,7771.501257658811
2023-01-01,8591.382694267548,Lose,180.1185633912622,7591.382694267548
2023-01-01,8409.280889056903,Lose,182.101805210644,7409.280889056903
2023-01-02,8476.049544476547,Win,117.1379919642875,7476.049544476547
2023-01-03,8672.053659080137,Win,192.16089667018582,7672.053659080137
2023-01-03,8768.031145799749,Win,181.0895975841727,7768.031145799749
2023-01-03,8562.000865343909,Lose,206.0302804558389,7562.000865343909
2023-01-03,8377.518467384754,Lose,184.48239795915424,7377.518467384754
2023-01-04,8548.915042539866,Win,186.30062516859843,7548.915042539866
2023-01-04,8647.541480119908,Win,123.28304697505207,7647.541480119908
2023-01-04,8590.648030325345,Lose,56.89344979456274,7590.648030325345
2023-01-05,8446.953383600621,Lose,143.69464672472438,7446.953383600621
2023-01-14,8692.945408217482,Win,336.9753761874807,7692.945408217482
2023-01-14,8472.52851983401,Lose,220.41688838347238,7472.52851983401
2023-01-15,8261.113577348036,Lose,211.4149424859738,7261.113577348036
2023-01-15,8149.23142339375,Lose,111.88215395428625,7149.23142339375
2023-01-15,8000.464002466865,Lose,148.76742092688485,7000.464002466865
2023-01-19,8103.904797737613,Win,195.1713118316004,7103.904797737613
2023-01-21,7927.798731535098,Lose,176.1060662025144,6927.798731535098
2023-01-21,8057.946597518792,Win,151.3347278880159,7057.946597518792
2023-01-22,8005.291985584173,Lose,52.654611934619794,7005.291985584173
2023-01-22,8196.367550384974,Win,261.7473490421927,7196.367550384974
2023-01-22,8333.231853629743,Win,273.7286064895376,7333.231853629743
2023-02-04,7956.4050366349975,Lose,376.82681699474534,6956.4050366349975
2023-02-04,8069.497065290175,Win,128.51366892633786,7069.497065290175
2023-02-04,8339.915594039008,Win,260.0178161046482,7339.915594039008
2023-02-04,8512.697117053707,Win,183.8101308667,7512.697117053707
2023-02-08,8732.814678887511,Win,386.17116111193695,7732.814678887511
2023-02-11,8587.84277375284,Lose,144.97190513467123,7587.84277375284
2023-02-11,8801.578542556888,Win,292.78872438910844,7801.578542556888
2023-02-11,8639.2336425597,Lose,162.34489999718826,7639.2336425597005
2023-02-11,8331.83329800748,Lose,307.40034455222195,7331.833298007479
2023-02-12,8408.973944571062,Win,154.2812931271639,7408.973944571062
2023-02-12,8144.470954461546,Lose,264.5029901095161,7144.470954461546
2023-02-13,8091.015300533659,Lose,53.455653927887425,7091.015300533659
2023-02-15,8265.519604923524,Win,198.3003458975744,7265.519604923524
2023-02-18,8326.696225866444,Win,59.977079355804804,7326.696225866444
2023-02-18,8174.912381834072,Lose,151.78384403237177,7174.912381834072
2023-02-18,7980.067075220501,Lose,194.84530661357167,6980.067075220501
2023-02-18,7739.101771243022,Lose,240.96530397747813,6739.101771243022
2023-02-18,7671.173827433798,Lose,67.92794380922413,6671.173827433798
2023-02-19,7826.960036401304,Win,251.2680789798493,6826.960036401304
2023-02-19,7781.345190974838,Lose,45.61484542646531,6781.345190974838
2023-02-25,7857.05628106125,Win,63.092575072009986,6857.05628106125
2023-02-25,7994.29274408138,Win,240.7657245967197,6994.29274408138
2023-02-26,7910.448998736526,Lose,83.84374534485379,6910.448998736526
2023-03-01,7985.6914247190225,Win,88.5205011558781,6985.6914247190225
2023-03-01,7876.036835224903,Lose,109.65458949411902,6876.036835224903
2023-03-04,7921.886209903506,Win,48.2624996616865,6921.886209903506
2023-03-04,7839.735884307123,Lose,82.15032559638252,6839.735884307123
2023-03-04,7967.4111509799295,Win,223.99169591720457,6967.4111509799295
2023-03-04,7818.47096426964,Lose,148.9401867102898,6818.47096426964
2023-03-04,7504.379143705273,Lose,314.0918205643666,6504.379143705273
2023-03-05,7706.488872476075,Win,134.7398191805344,6706.488872476075
2023-03-05,7905.884730021461,Win,297.60575753042707,6905.884730021461
2023-03-06,8169.399955584347,Win,280.33534634349536,7169.399955584347
2023-03-11,7938.307561625008,Lose,231.09239395933815,6938.307561625008
2023-03-11,8078.907466824093,Win,159.7726195444145,7078.907466824093
2023-03-12,7819.188169068622,Lose,259.71929775547005,6819.188169068622
2023-03-12,7638.187690210541,Lose,181.00047885808124,6638.187690210541
2023-03-12,7801.515880225007,Win,192.15081178172423,6801.515880225007
2023-03-12,7921.699415930927,Win,100.15294642159972,6921.699415930927
2023-03-15,7834.017714012622,Lose,87.68170191830558,6834.017714012622
2023-03-15,7705.2099631412775,Lose,128.80775087134396,6705.2099631412775
2023-03-17,7991.869305069907,Win,267.9059270361023,6991.869305069907
2023-03-18,7730.892842734908,Lose,260.97646233499876,6730.892842734908
2023-03-18,7879.076272078717,Win,152.76642200392612,6879.076272078717
2023-03-18,8134.166301861746,Win,212.57502481919107,7134.166301861746
2023-03-18,8447.201999945852,Win,295.31669630576005,7447.201999945852
2023-03-19,8589.057850965117,Win,194.32308358803542,7589.057850965117
2023-04-01,8779.939521944329,Win,284.89801638688317,7779.939521944329
2023-04-01,8971.666659600322,Win,191.72713765599246,7971.6666596003215
2023-04-01,9093.997782094057,Win,230.81343866742623,8093.997782094057
2023-04-01,9215.657251348015,Win,166.65680719720393,8215.657251348015
2023-04-01,9094.8435484917,Lose,120.81370285631436,8094.843548491701
2023-04-01,9026.244739517115,Lose,68.5988089745853,8026.244739517115
2023-04-02,8869.274858357274,Lose,156.9698811598416,7869.274858357274
2023-04-03,8717.792801662546,Lose,151.48205669472762,7717.7928016625465
2023-04-05,9145.149619095542,Win,388.50619766635975,8145.149619095542
2023-04-05,8931.454734066827,Lose,213.69488502871528,7931.454734066827
2023-04-08,9321.114710641743,Win,378.31065686885063,8321.114710641743
2023-04-08,9057.303000049724,Lose,263.81171059201847,8057.303000049724
2023-04-08,8842.03326648424,Lose,215.26973356548285,7842.033266484241
2023-04-08,8669.342646246345,Lose,172.69062023789638,7669.342646246345
2023-04-08,8820.746678880922,Win,178.1223913347961,7820.7466788809215
2023-04-09,9035.98908145117,Win,347.16516543588386,8035.989081451169
2023-04-09,9206.473669939185,Win,154.98598953456,8206.473669939185
2023-04-15,9478.442178551859,Win,405.9231471830948,8478.442178551859
2023-04-15,9559.030841129796,Win,67.15721881494733,8559.030841129796
2023-04-15,9807.995326130715,Win,232.67708878590625,8807.995326130715
2023-04-15,9614.410742809094,Lose,193.58458332162036,8614.410742809094
2023-04-15,9697.76210511617,Win,88.67166202880375,8697.76210511617
2023-04-15,9828.673624741692,Win,396.70157462279775,8828.673624741692
2023-04-16,9698.391256239416,Lose,130.2823685022766,8698.391256239416
2023-04-16,9949.253957222783,Win,313.57837622920886,8949.253957222783
2023-04-17,10165.895101279291,Win,380.07218255527835,9165.895101279291
2023-04-21,10294.701096906978,Win,257.61199125537314,9294.701096906978
2023-04-22,10120.743387649778,Lose,173.95770925720043,9120.743387649778
2023-04-22,10444.53520858563,Win,351.94763145201347,9444.53520858563
2023-04-22,10144.678556810777,Lose,299.8566517748541,9144.678556810777
2023-04-23,10509.83000369692,Win,424.59470568156144,9509.83000369692
2023-04-25,10187.564158189483,Lose,322.26584550743524,9187.564158189483
2023-04-25,9976.778400885,Lose,210.7857573044837,8976.778400885
2023-04-26,10088.84112103506,Win,167.25779126874752,9088.84112103506
2023-04-26,10277.512468504596,Win,304.3086249508645,9277.512468504596
2023-04-27,10339.883821534666,Win,62.37135303006993,9339.883821534666
2023-04-27,10608.024523463808,Win,400.2100028793154,9608.024523463808
2023-04-29,10929.075264278705,Win,377.7067538998797,9929.075264278705
2023-04-29,11410.506785312562,Win,401.1929341948816,10410.506785312562
2023-04-29,11661.929675183446,Win,253.96251502109445,10661.929675183446
2023-04-30,11319.523008858632,Lose,342.4066663248142,10319.523008858632
2023-04-30,11588.538056847967,Win,368.5137643689518,10588.538056847967
2023-04-30,12019.533256998364,Win,538.7440001879962,11019.533256998364
2023-04-30,12135.599191173762,Win,218.9923286328269,11135.599191173762
2023-04-30,12380.109622164433,Win,489.0208619813412,11380.109622164433
2023-05-02,12724.402107196584,Win,471.63354113993273,11724.402107196584
2023-05-03,12352.966064919146,Lose,371.4360422774362,11352.966064919146
2023-05-03,12537.038429031218,Win,418.34628207289063,11537.038429031218
2023-05-04,12285.338175990055,Lose,251.7002530411623,11285.338175990055
2023-05-06,11983.024826596215,Lose,302.31334939384084,10983.024826596215
2023-05-06,11744.530818670042,Lose,238.49400792617286,10744.530818670042
2023-05-06,11877.897754960763,Win,444.5564543024038,10877.897754960763
2023-05-06,11462.900203654634,Lose,414.997551306129,10462.900203654634
2023-05-08,11591.136521205366,Win,124.50127917546853,10591.136521205366
2023-05-08,11835.169604726003,Win,428.1282167028703,10835.169604726003
2023-05-08,11961.450573722868,Win,146.83833604286662,10961.450573722868
2023-05-13,11870.946804331608,Lose,90.50376939126079,10870.946804331608
2023-05-13,12165.140882582971,Win,403.00558664570326,11165.140882582971
2023-05-14,12252.664946076862,Win,165.13974244130375,11252.664946076862
2023-05-14,11941.807806006611,Lose,310.85714007025155,10941.807806006611
2023-05-18,12107.659173612516,Win,267.50220581597455,11107.659173612516
2023-05-20,11629.737424896184,Lose,477.92174871633074,10629.737424896184
2023-05-20,11454.210194481288,Lose,175.52723041489634,10454.210194481288
2023-05-20,11686.79285358378,Win,318.60638233218236,10686.79285358378
2023-05-21,11765.142249438053,Win,195.87348963568311,10765.142249438053
2023-05-21,11482.326840824242,Lose,282.8154086138108,10482.326840824242
2023-05-21,11660.456374493106,Win,222.6619170860784,10660.456374493106
2023-05-22,11350.779343626182,Lose,309.677030866923,10350.779343626182
2023-05-24,11044.400519969464,Lose,306.37882365671834,10044.400519969464
2023-05-25,11170.609915356814,Win,221.41999190763067,10170.609915356814
2023-05-28,11269.585791440933,Win,197.95175216823884,10269.585791440933
2023-05-28,11368.517397944312,Win,147.65911418414586,10368.517397944312
2023-05-28,11481.471499214796,Win,225.90820254096886,10481.471499214796
2023-05-28,11633.132129158952,Win,286.1521319701062,10633.132129158952
2023-08-11,11770.213887915574,Win,204.59963993525574,10770.213887915574
2023-08-12,11834.005387718116,Win,144.98068136941632,10834.005387718116
2023-08-12,12143.976672671311,Win,499.95368540837836,11143.976672671311
2023-08-12,12373.314032202543,Win,314.1607664811402,11373.314032202543
2023-08-13,12601.073250683883,Win,311.99892942649444,11601.073250683883
2023-08-14,12454.177564261587,Lose,146.8956864222963,11454.177564261587
2023-08-18,12979.63260520453,Win,437.8792007857851,11979.63260520453
2023-08-19,13268.1314396423,Win,300.5196192060118,12268.1314396423
2023-08-19,13642.603200036561,Win,512.9750142387123,12642.603200036561
2023-08-19,13263.548185497553,Lose,379.0550145390075,12263.548185497553
2023-08-19,12673.621353142766,Lose,589.9268323547875,11673.621353142766
2023-08-19,12837.105362658804,Win,495.4060894425411,11837.105362658804
2023-08-20,13000.069051346152,Win,169.7538423826552,12000.069051346152
2023-08-20,13327.834608943564,Win,356.2669104319691,12327.834608943564
2023-08-21,12958.816680999404,Lose,369.01792794415917,11958.816680999404
2023-08-25,13077.21550915151,Win,176.71466888374124,12077.21550915151
2023-08-26,12988.14629934882,Lose,89.06920980269085,11988.14629934882
2023-08-26,12816.408824678247,Lose,171.73747467057385,11816.408824678247
2023-08-26,13037.442531424853,Win,442.06741349321385,12037.442531424853
2023-08-26,13120.09366487501,Win,187.84348511399307,12120.09366487501
2023-08-27,13309.043665492989,Win,219.70930304416217,12309.043665492989
2023-09-01,13618.785558170297,Win,356.02516399690575,12618.785558170297
2023-09-02,13822.080419158774,Win,508.23715247119264,12822.080419158774
2023-09-02,13884.669423255611,Win,85.73836177648967,12884.669423255611
2023-09-03,14090.439986221065,Win,171.4754691378787,13090.439986221065
2023-09-03,14245.146557163169,Win,271.41503674053325,13245.146557163169
2023-09-03,14452.82307036398,Win,519.1912830020273,13452.82307036398
2023-09-16,14985.294764898203,Win,598.2828028474402,13985.294764898203
2023-09-16,14472.496999844958,Lose,512.7977650532443,13472.496999844958
2023-09-16,14709.50705514018,Win,382.2742827342289,13709.50705514018
2023-09-16,14409.629783364504,Lose,299.8772717756765,13409.629783364504
2023-09-16,14521.754138319991,Win,224.2487099109734,13521.754138319991
2023-09-16,14702.036292418295,Win,409.732168405237,13702.036292418295
2023-09-18,14404.924406492866,Lose,297.11188592542857,13404.924406492866
2023-09-23,14488.813220921395,Win,88.30401518792401,13488.813220921395
2023-09-23,14068.907062004195,Lose,419.9061589171992,13068.907062004195
2023-09-24,14284.967369506945,Win,322.4780708996268,13284.967369506945
2023-09-24,14430.106398362726,Win,362.84757213945255,13430.106398362726
2023-09-24,14563.45015412164,Win,266.6875115178248,13563.45015412164
2023-09-30,14765.52306374264,Win,381.2696407943381,13765.52306374264
2023-09-30,14905.037424106446,Win,317.07809173592494,13905.037424106446
2023-09-30,15069.922395777132,Win,458.01381019635113,14069.922395777132
2023-09-30,14767.183171794846,Lose,302.7392239822865,13767.183171794846
2023-10-01,14168.941713582022,Lose,598.2414582128234,13168.941713582022
2023-10-07,14280.117542953458,Win,171.03973749451507,13280.117542953458
2023-10-07,14562.18361684459,Win,293.81882696993006,13562.18361684459
2023-10-08,14251.427308128268,Lose,310.75630871632137,13251.427308128268
2023-10-08,14680.008209781257,Win,612.2584309328425,13680.008209781257
2023-10-08,14730.097520648653,Win,139.1369746316546,13730.097520648653
2023-10-21,15172.727565630192,Win,409.84263424216556,14172.727565630192
2023-10-21,15362.193570236843,Win,199.43789958594866,14362.193570236843
2023-10-21,15532.666313422777,Win,321.64668525647755,14532.666313422777
2023-10-21,15888.371334646225,Win,362.96430737086575,14888.371334646225
2023-10-21,16067.993823156772,Win,498.9513569737412,15067.993823156772
2023-10-22,16396.37436609507,Win,576.106215681228,15396.374366095071
2023-10-27,16657.17267954153,Win,277.4450143047431,15657.17267954153
2023-10-28,16876.74338402632,Win,609.9186235688593,15876.743384026318
2023-10-29,17209.882894358307,Win,475.91358618855605,16209.882894358307
2023-10-29,17589.313145405406,Win,790.4796896814566,16589.313145405406
2023-11-04,17786.26714706636,Win,269.8000022752785,16786.26714706636
2023-11-04,17462.340027940678,Lose,323.9271191256819,16462.340027940678
2023-11-04,17670.838163966535,Win,718.9590897443398,16670.838163966535
2023-11-05,17368.103654723232,Lose,302.73450924330285,16368.103654723232
2023-11-06,17511.30207580587,Win,204.56917297519482,16511.30207580587
2023-11-11,17816.933854871906,Win,244.50542325282905,16816.933854871906
2023-11-12,17975.12825198498,Win,210.9258628174328,16975.12825198498
2023-11-12,18437.11885593624,Win,659.9865770732295,17437.11885593624
2023-11-12,18749.136158303747,Win,709.1302326534169,17749.136158303747
2023-11-25,19152.814211030276,Win,469.3930845657334,18152.814211030276
2023-11-25,19440.775501773773,Win,338.7779891099976,18440.775501773773
2023-11-25,18765.03652352983,Lose,675.738978243944,17765.03652352983
2023-11-25,18930.277792203295,Win,226.35790229241653,17930.277792203295
2023-11-26,19126.679464614117,Win,392.8033448216476,18126.679464614117
2023-12-02,19702.810122441406,Win,823.0437968961289,18702.810122441406
2023-12-02,18985.712281435353,Lose,717.0978410060511,17985.712281435353
2023-12-02,19277.02085929227,Win,448.167042856797,18277.02085929227
2023-12-03,18577.533523686245,Lose,699.4873356060257,17577.533523686245
2023-12-03,18663.738952637894,Win,162.65175273896352,17663.738952637894
2023-12-03,18855.240766524792,Win,531.9494830191577,17855.240766524792
2023-12-03,19099.790688610232,Win,611.3748052135957,18099.790688610232
2023-12-05,19547.1073059462,Win,688.1794112861035,18547.1073059462
2023-12-06,20347.19242879738,Win,754.7972857086618,19347.19242879738
2023-12-06,19622.44530609564,Lose,724.7471227017422,18622.44530609564
2023-12-09,19431.701961963754,Lose,190.7433441318862,18431.701961963754
2023-12-09,18847.86135161845,Lose,583.8406103453044,17847.86135161845
2023-12-10,19154.08416800113,Win,577.7788988352493,18154.08416800113
2023-12-10,19316.809714455387,Win,452.015406817379,18316.809714455387
2023-12-16,19500.045197426614,Win,416.44427948006046,18500.045197426614
2023-12-16,19890.216329506227,Win,557.3873315423024,18890.216329506227
2023-12-17,20253.569813403104,Win,519.0764055669678,19253.569813403104
2023-12-17,19497.518145816277,Lose,756.0516675868264,18497.518145816277
2023-12-17,19631.237944737917,Win,140.75768307540935,18631.237944737917
2023-12-17,19419.293454729523,Lose,211.94449000839492,18419.293454729523
2023-12-23,18673.624814570983,Lose,745.6686401585389,17673.624814570983
2023-12-23,18834.34429992568,Win,169.17840563652493,17834.34429992568
2023-12-23,18229.967102181166,Lose,604.3771977445157,17229.967102181166
2023-12-23,17793.06197222001,Lose,436.9051299611566,16793.06197222001
2023-12-24,18137.469712582362,Win,400.47411670040833,17137.469712582362
2023-12-26,18389.590364503427,Win,345.37075605625466,17389.590364503427
2023-12-26,18998.454354621736,Win,761.0799876478875,17998.454354621736
2023-12-26,19172.514990065454,Win,280.7429603930945,18172.514990065454
2023-12-26,19986.973152613387,Win,740.4165114072124,18986.973152613387
2023-12-27,20317.72137123651,Win,321.1147753622538,19317.72137123651
2023-12-27,20590.110784536217,Win,299.32902560407496,19590.110784536217
2023-12-27,20941.670119126004,Win,481.58812957505006,19941.670119126004
2023-12-28,20083.264958618038,Lose,858.4051605079651,19083.264958618038
2023-12-30,20333.709213617345,Win,238.51833809457986,19333.709213617345
2023-12-30,20723.150487069175,Win,683.2303043014554,19723.150487069175
2023-12-30,21124.19302303384,Win,616.988516868713,20124.19302303384
2023-12-31,21281.029939995133,Win,392.0922924032334,20281.029939995133
2023-12-31,21635.380453513524,Win,485.41166235396116,20635.380453513524
2024-01-02,21365.21446268162,Lose,270.1659908319057,20365.21446268162
2024-01-13,21882.221967264093,Win,861.6791743041251,20882.221967264093
2024-01-14,22158.225960921518,Win,575.0083201196386,21158.225960921518
2024-01-20,22637.823429790627,Win,656.9828340672716,21637.823429790627
2024-01-20,23002.57802882421,Win,424.13325469021294,22002.57802882421
2024-01-21,23390.221892136353,Win,881.0087802548675,22390.221892136353
2024-01-22,22727.167432694765,Lose,663.0544594415878,21727.167432694765
2024-01-30,23257.884689527426,Win,816.4880874348628,22257.884689527426
2024-01-30,23512.841037553968,Win,509.91269605308366,22512.841037553968
2024-01-30,23168.33253348608,Lose,344.50850406788777,22168.33253348608
2024-01-31,23383.435817539,Win,430.20656810584734,22383.435817539
2024-02-01,23105.99080527952,Lose,277.44501225948005,22105.99080527952
2024-02-01,23340.274413460014,Win,312.378144240656,22340.274413460014
2024-02-03,23874.96041937184,Win,938.0456244067099,22874.96041937184
2024-02-04,24387.99305151977,Win,732.9037602113297,23387.99305151977
2024-02-04,24999.723195207414,Win,913.0300652054389,23999.723195207414
2024-02-04,24476.51437416447,Lose,523.2088210429417,23476.51437416447
2024-02-10,24244.55816585013,Lose,231.9562083143436,23244.55816585013
2024-02-10,24854.44831943627,Win,835.4659638166324,23854.44831943627
2024-02-10,25652.15611161274,Win,938.479755501732,24652.15611161274
2024-02-10,25327.783470289432,Lose,324.37264132331006,24327.783470289432
2024-02-11,25561.18197848293,Win,440.3745437613153,24561.18197848293
2024-02-11,26137.187958355047,Win,859.7104177195775,25137.187958355047
2024-02-12,26332.804269113607,Win,227.4608264634418,25332.804269113607
2024-02-17,26666.840753657307,Win,556.7274742394966,25666.840753657307
2024-02-19,26132.662711589146,Lose,534.178042068159,25132.662711589146
2024-02-21,26292.632387231348,Win,533.2322521406726,25292.632387231348
2024-02-24,25429.985606405695,Lose,862.6467808256544,24429.985606405695
2024-02-24,25794.94668034906,Win,331.78279449396825,24794.94668034906
2024-02-24,24911.52931871123,Lose,883.4173616378326,23911.52931871123
2024-02-26,25270.993591136114,Win,513.5203891784075,24270.993591136114
2024-03-02,25646.551919248268,Win,853.5416548003531,24646.551919248268
2024-03-02,25944.1465670294,Win,561.4993354360947,24944.1465670294
2024-03-03,26227.0968591876,Win,785.9730337727797,25227.0968591876
2024-03-04,26380.06710426951,Win,382.42561270477427,25380.06710426951
2024-03-09,26214.23421777504,Lose,165.83288649446894,25214.23421777504
2024-03-09,26520.893644347474,Win,578.6026916461032,25520.893644347474
2024-03-10,25719.00063408833,Lose,801.8930102591444,24719.00063408833
2024-03-10,25449.548172233357,Lose,269.4524618549749,24449.548172233357
2024-03-13,25853.15883070898,Win,917.2969510809592,24853.15883070898
2024-03-30,26200.831530601034,Win,695.3453997841093,25200.831530601034
2024-03-30,26507.356751521635,Win,638.5942102512485,25507.356751521635
2024-03-31,26733.75948738972,Win,628.8964885224618,25733.75948738972
2024-03-31,26037.014081393754,Lose,696.7454059959691,25037.014081393754
2024-04-02,26581.52165616365,Win,680.6344684623698,25581.52165616365
2024-04-03,25573.60567053824,Lose,1007.9159856254123,24573.60567053824
2024-04-03,25776.073997995,Win,506.1708186419046,24776.073997995
2024-04-06,26196.33532478036,Win,627.2557116199396,25196.33532478036
2024-04-06,26409.558211700012,Win,343.90788212847116,25409.558211700012
2024-04-06,26899.93203381901,Win,980.747644237995,25899.93203381901
2024-04-07,27059.893152817527,Win,399.90279749629906,26059.893152817527
2024-04-07,27263.740132078376,Win,617.7181189722696,26263.740132078376
2024-04-13,27601.983374829313,Win,939.5645631970485,26601.983374829313
2024-04-13,27903.87486693417,Win,1041.0051451891584,26903.87486693417
2024-04-14,27499.785961090543,Lose,404.08890584362763,26499.785961090543
2024-04-14,26824.687259648912,Lose,675.09870144163,25824.687259648912
2024-04-20,27382.843578781565,Win,979.2216125134288,26382.843578781565
2024-04-21,28114.98814363757,Win,915.1807060700065,27114.98814363757
2024-04-21,28310.44326126236,Win,444.2161764199843,27310.44326126236
2024-04-23,28761.52893640439,Win,851.1050474377926,27761.52893640439
2024-04-24,29086.591116820404,Win,902.9505011555935,28086.591116820404
2024-04-25,29336.830341473567,Win,500.47844930632965,28336.830341473567
2024-04-27,29147.95953704923,Lose,188.87080442433697,28147.95953704923
2024-04-27,29463.500315745372,Win,956.1841778670969,28463.500315745372
2024-04-28,29148.517608032802,Lose,314.98270771257074,28148.517608032802
2024-04-28,29548.89650758934,Win,800.7577991130744,28548.89650758934
2024-05-04,29862.37822187374,Win,1044.9390476146737,28862.37822187374
2024-05-04,30186.383407712903,Win,981.8338964823092,29186.383407712903
2024-05-05,30431.413404778643,Win,612.574992664345,29431.413404778643
2024-05-05,30624.268832122638,Win,771.4217093759836,29624.268832122638
2024-05-11,30220.124772143583,Lose,404.14405997905357,29220.124772143583
2024-05-11,30358.57775639254,Win,384.5916229137749,29358.57775639254
2024-05-13,30552.90884290523,Win,588.8820803414869,29552.90884290523
2024-05-14,30107.75038608538,Lose,445.15845681985076,29107.75038608538
2024-05-19,30366.914662685896,Win,647.910691501294,29366.914662685896
2024-05-19,30618.880618842395,Win,699.905433768048,29618.880618842395
2024-08-17,29876.321760598184,Lose,742.5588582442101,28876.321760598184
2024-08-17,29555.407298138227,Lose,320.9144624599583,28555.407298138227
2024-08-17,29343.278854149383,Lose,212.12844398884442,28343.278854149383
2024-08-17,30300.864081939006,Win,1196.9815347370295,29300.864081939006
2024-08-18,29453.495206177875,Lose,847.368875761129,28453.495206177875
2024-08-19,28404.105105628358,Lose,1049.3901005495156,27404.105105628358
2024-08-24,28687.741273899832,Win,318.6923239005326,27687.741273899832
2024-08-24,29080.877782403473,Win,1310.4550283454766,28080.877782403473
2024-08-24,27870.44630177723,Lose,1210.431480626243,26870.44630177723
2024-08-24,27583.193827523293,Lose,287.2524742539365,26583.193827523293
2024-08-25,26864.260654524045,Lose,718.9331729992482,25864.260654524045
2024-08-31,26509.871505663683,Lose,354.38914886036355,25509.871505663683
2024-08-31,26925.020457280007,Win,568.6971939949664,25925.020457280007
2024-08-31,27653.384339626213,Win,791.6998721154409,26653.384339626213
2024-09-01,26959.676253718015,Lose,693.7080859081984,25959.676253718015
2024-09-01,27338.304418027023,Win,1051.7449008583542,26338.304418027023
2024-09-01,27641.690615088806,Win,689.5140842313288,26641.690615088806
2024-09-14,28138.17907873049,Win,680.1211830707987,27138.17907873049
2024-09-15,27577.700595535436,Lose,560.478483195054,26577.700595535436
2024-09-21,27905.70361866715,Win,911.1195086992038,26905.70361866715
2024-09-22,28966.737437613323,Win,1020.224825909781,27966.737437613323
2024-09-22,29223.574998584765,Win,298.64832671098037,28223.574998584765
